# Registered Logic commands (12.3.1/6682, arm64), from static analysis only; see Research/static-analysis/SA-COMMAND-CATALOG-001.md. Nothing was executed.
command_id	name	table	group	group_index	entry_index	feature	handler	handler_symbol	arg	same_handler	twin_of	remote_offered	remote_assignments	source	evidence	note
7	Record		Global Commands	0	0	0x0	0x00f5fda0	FUN_00f5fda0	0x0	1		yes	/cs/transport/record	constructor	FUN_00f59df0	
1	Record / Record Repeat		Global Commands	0	1	0x0	0x00f5feac	FUN_00f5feac	0x1	3		yes		constructor	FUN_00f59df0	
6	Record Repeat		Global Commands	0	2	0x0	0x00f5feac	FUN_00f5feac	0x2	3		yes		constructor	FUN_00f59df0	
2	Record Toggle		Global Commands	0	3	0x0	0x00f5ffec	FUN_00f5ffec	0x0	1		yes		constructor	FUN_00f59df0	
8	Record / Record Toggle		Global Commands	0	4	0x0	0x00f600f4	FUN_00f600f4	0x0	1		yes		constructor	FUN_00f59df0	
9	Discard Recording and Return to Last Play Position		Global Commands	0	5	0x0	0x00f6023c	FUN_00f6023c	0x0	1		yes		constructor	FUN_00f59df0	
1334	Record into Cell		Global Commands	0	6	0x0	0x00f5feac	FUN_00f5feac	0x3	3		yes		constructor	FUN_00f59df0	
542	Flashback Capture as Recording		Global Commands	0	7	0x0	0x00f60348	FUN_00f60348	0x0	2		yes		constructor	FUN_00f59df0	
543	Flashback Capture as Recording and Play		Global Commands	0	8	0x0	0x00f60348	FUN_00f60348	0x1	2		yes		constructor	FUN_00f59df0	
3	Play		Global Commands	0	9	0x0	0x00f60470	FUN_00f60470	0x0	1		yes	/cs/transport/play	constructor	FUN_00f59df0	
4	Pause		Global Commands	0	10	0x0	0x00f6057c	FUN_00f6057c	0x0	1		yes		constructor	FUN_00f59df0	
5	Stop		Global Commands	0	11	0x0	0x00f606c0	FUN_00f606c0	0x0	1		yes	/cs/transport/stop	constructor	FUN_00f59df0	
535	Play or Stop		Global Commands	0	12	0x0	0x00f607c8	FUN_00f607c8	0x0	1		yes		constructor	FUN_00f59df0	
2681	Preview Selection-Based Processing		Global Commands	0	13	0x0	0x00f5352c	FUN_00f5352c	0x0	1		yes		constructor	FUN_00f59df0	
1270	Stop or Play From Last Position		Global Commands	0	14	0x0	0x00f608d4	FUN_00f608d4	0x1	2		yes		constructor	FUN_00f59df0	
1271	Play or Stop and Go to Last Locate Position		Global Commands	0	15	0x0	0x00f608d4	FUN_00f608d4	0x2	2		yes		constructor	FUN_00f59df0	
10	Rewind		Global Commands	0	16	0x0	0x00f609f4	FUN_00f609f4	0x0	1		yes		constructor	FUN_00f59df0	
11	Forward		Global Commands	0	17	0x0	0x00f60b04	FUN_00f60b04	0x0	1		yes		constructor	FUN_00f59df0	
12	Fast Rewind		Global Commands	0	18	0x0	0x00f60c10	FUN_00f60c10	0x0	12		yes		constructor	FUN_00f59df0	
13	Fast Forward		Global Commands	0	19	0x0	0x00f60c10	FUN_00f60c10	0x1	12		yes		constructor	FUN_00f59df0	
1286	Rewind by Transient		Global Commands	0	20	0x0	0x00f60d40	FUN_00f60d40	0x0	2		yes		constructor	FUN_00f59df0	
1285	Forward by Transient		Global Commands	0	21	0x0	0x00f60d40	FUN_00f60d40	0x1	2		yes		constructor	FUN_00f59df0	
688	Rewind one Frame		Global Commands	0	22	0x0	0x00f60c10	FUN_00f60c10	0x2	12		yes		constructor	FUN_00f59df0	
689	Forward one Frame		Global Commands	0	23	0x0	0x00f60c10	FUN_00f60c10	0x3	12		yes		constructor	FUN_00f59df0	
691	Rewind by Division Value		Global Commands	0	24	0x0	0x00f60c10	FUN_00f60c10	0x4	12		yes		constructor	FUN_00f59df0	
692	Forward by Division Value		Global Commands	0	25	0x0	0x00f60c10	FUN_00f60c10	0x5	12		yes		constructor	FUN_00f59df0	
2529	Rewind one 1/8 Note		Global Commands	0	26	0x0	0x00f60c10	FUN_00f60c10	0x6	12		yes		constructor	FUN_00f59df0	
2530	Forward one 1/8 Note		Global Commands	0	27	0x0	0x00f60c10	FUN_00f60c10	0x7	12		yes		constructor	FUN_00f59df0	
2531	Rewind one 1/16 Note		Global Commands	0	28	0x0	0x00f60c10	FUN_00f60c10	0x8	12		yes		constructor	FUN_00f59df0	
2532	Forward one 1/16 Note		Global Commands	0	29	0x0	0x00f60c10	FUN_00f60c10	0x9	12		yes		constructor	FUN_00f59df0	
2594	Rewind by Nudge Value		Global Commands	0	30	0x0	0x00f60c10	FUN_00f60c10	0xa	12		yes		constructor	FUN_00f59df0	
2595	Forward by Nudge Value		Global Commands	0	31	0x0	0x00f60c10	FUN_00f60c10	0xb	12		yes		constructor	FUN_00f59df0	
1010	Shuttle Rewind		Global Commands	0	32	0x0	0x00f60e68	FUN_00f60e68	0x0	2		yes		constructor	FUN_00f59df0	
1011	Shuttle Forward		Global Commands	0	33	0x0	0x00f60e68	FUN_00f60e68	0x1	2		yes		constructor	FUN_00f59df0	
18	Scrub Rewind		Global Commands	0	34	0x0	0x00f60f90	FUN_00f60f90	0x0	2		yes		constructor	FUN_00f59df0	
19	Scrub Forward		Global Commands	0	35	0x0	0x00f60f90	FUN_00f60f90	0x1	2		yes		constructor	FUN_00f59df0	
14	Play from Beginning		Global Commands	0	36	0x0	0x00f4c2ac	FUN_00f4c2ac	0x0	11		yes		constructor	FUN_00f59df0	
496	Play from Previous Bar		Global Commands	0	37	0x0	0x00f4c2ac	FUN_00f4c2ac	0x3	11		yes		constructor	FUN_00f59df0	
472	Play from Left Locator		Global Commands	0	38	0x0	0x00f4c2ac	FUN_00f4c2ac	0x1	11		yes		constructor	FUN_00f59df0	
473	Play from Right Locator		Global Commands	0	39	0x0	0x00f4c2ac	FUN_00f4c2ac	0x2	11		yes		constructor	FUN_00f59df0	
683	Play from Left Window Edge		Global Commands	0	40	0x0	0x00f4c2ac	FUN_00f4c2ac	0xf	11		yes		constructor	FUN_00f59df0	
480	Go to Left Locator		Global Commands	0	41	0x0	0x00f4c2ac	FUN_00f4c2ac	0x11	11		yes		constructor	FUN_00f59df0	
481	Go to Right Locator		Global Commands	0	42	0x0	0x00f4c2ac	FUN_00f4c2ac	0x12	11		yes		constructor	FUN_00f59df0	
526	Go to Last Locate Position		Global Commands	0	43	0x0	0x00f610b8	FUN_00f610b8	0x0	2		yes		constructor	FUN_00f59df0	
527	Stop and Go to Last Locate Position		Global Commands	0	44	0x0	0x00f610b8	FUN_00f610b8	0x2	2		yes		constructor	FUN_00f59df0	
687	Stop and Go to Left Locator		Global Commands	0	45	0x0	0x00f4c2ac	FUN_00f4c2ac	0x31	11		yes		constructor	FUN_00f59df0	
1236	Stop and Go to Beginning		Global Commands	0	46	0x0	0x00f4c2ac	FUN_00f4c2ac	0x30	11		yes		constructor	FUN_00f59df0	
21	Go to Position…		Global Commands	0	47	0x0	0x00f4c690	FUN_00f4c690	0x0	1		no: suppressed		constructor	FUN_00f59df0	
476	Set Left Locator numerically…		Global Commands	0	48	0x0	0x00f4c920	FUN_00f4c920	0x0	1		no: suppressed		constructor	FUN_00f59df0	
477	Set Right Locator numerically…		Global Commands	0	49	0x0	0x00f4cb94	FUN_00f4cb94	0x0	1		no: suppressed		constructor	FUN_00f59df0	
503	Set Left Locator by Playhead		Global Commands	0	50	0x0	0x00f4ce08	FUN_00f4ce08	0x0	8		yes		constructor	FUN_00f59df0	
507	Set Left Locator by Rounded Playhead		Global Commands	0	51	0x0	0x00f4ce08	FUN_00f4ce08	0x10	8		yes		constructor	FUN_00f59df0	
505	Set Punch In Locator by Playhead		Global Commands	0	52	0x0	0x00f4ce08	FUN_00f4ce08	0x2	8		yes		constructor	FUN_00f59df0	
509	Set Punch In Locator by Rounded Playhead		Global Commands	0	53	0x0	0x00f4ce08	FUN_00f4ce08	0x12	8		yes		constructor	FUN_00f59df0	
504	Set Right Locator by Playhead		Global Commands	0	54	0x0	0x00f4ce08	FUN_00f4ce08	0x1	8		yes		constructor	FUN_00f59df0	
508	Set Right Locator by Rounded Playhead		Global Commands	0	55	0x0	0x00f4ce08	FUN_00f4ce08	0x11	8		yes		constructor	FUN_00f59df0	
506	Set Punch Out Locator by Playhead		Global Commands	0	56	0x0	0x00f4ce08	FUN_00f4ce08	0x3	8		yes		constructor	FUN_00f59df0	
510	Set Punch Out Locator Point by Rounded Playhead		Global Commands	0	57	0x0	0x00f4ce08	FUN_00f4ce08	0x13	8		yes		constructor	FUN_00f59df0	
1331	Set Locators/Loop by Regions/Events/Marquee		Global Commands	0	58	0x0	0x006a58d8	FUN_006a58d8	0x0	10		yes		constructor	FUN_00f59df0	
100	Set Locators/Loop by Regions/Events/Marquee and Enable Cycle/Loop		Global Commands	0	59	0x0	0x006a58d8	FUN_006a58d8	0x10	10		yes		constructor	FUN_00f59df0	
1332	Set Rounded Locators/Loop by Regions/Events/Marquee		Global Commands	0	60	0x0	0x006a58d8	FUN_006a58d8	0x1	10		yes		constructor	FUN_00f59df0	
123	Set Rounded Locators/Loop by Regions/Events/Marquee and Enable Cycle/Loop		Global Commands	0	61	0x0	0x006a58d8	FUN_006a58d8	0x11	10		yes		constructor	FUN_00f59df0	
34	Set Locators and Play		Global Commands	0	62	0x0	0x00f4d128	FUN_00f4d128	0x0	6		yes		constructor	FUN_00f59df0	
26	Set Rounded Locators and Play		Global Commands	0	63	0x0	0x00f4d128	FUN_00f4d128	0x1	6		yes		constructor	FUN_00f59df0	
37	Set Rounded Locators and Cycle Play		Global Commands	0	64	0x0	0x00f4d128	FUN_00f4d128	0x11	6		yes		constructor	FUN_00f59df0	
501	Set Rounded Locators and Record		Global Commands	0	65	0x0	0x00f4d128	FUN_00f4d128	0x21	6		yes		constructor	FUN_00f59df0	
502	Set Rounded Locators and Cycle Record		Global Commands	0	66	0x0	0x00f4d128	FUN_00f4d128	0x31	6		yes		constructor	FUN_00f59df0	
544	Play from Selection		Global Commands	0	67	0x0	0x00f4d128	FUN_00f4d128	0x5	6		yes		constructor	FUN_00f59df0	
1287	Set Punch Locators by Regions/Events/Marquee		Global Commands	0	68	0x0	0x006a58d8	FUN_006a58d8	0x200	10		yes		constructor	FUN_00f59df0	
1288	Set Rounded Punch Locators by Regions/Events		Global Commands	0	69	0x0	0x006a58d8	FUN_006a58d8	0x201	10		yes		constructor	FUN_00f59df0	
1289	Set Punch Locators by Cycle Locators		Global Commands	0	70	0x0	0x00f611e0	FUN_00f611e0	0x0	1		yes		constructor	FUN_00f59df0	
698	Skip Cycle		Global Commands	0	71	0x0	0x00f4d678	FUN_00f4d678	0x0	1		yes		constructor	FUN_00f59df0	
699	Move Locators Forward by Cycle Length / Loop Forward by Loop Length		Global Commands	0	72	0x0	0x00f4d890	FUN_00f4d890	0x0	2		yes		constructor	FUN_00f59df0	
700	Move Locators Backwards by Cycle Length / Loop Backwards by Loop Length		Global Commands	0	73	0x0	0x00f4d890	FUN_00f4d890	0x1	2		yes		constructor	FUN_00f59df0	
703	Move Locators/Loop Forward by 1 Bar		Global Commands	0	74	0x0	0x00f4dda8	FUN_00f4dda8	0x0	2		yes		constructor	FUN_00f59df0	
704	Move Locators/Loop Backwards by 1 Bar		Global Commands	0	75	0x0	0x00f4dda8	FUN_00f4dda8	0x1	2		yes		constructor	FUN_00f59df0	
1388	Double Cycle/Loop Length		Global Commands	0	76	0x0	0x00f4e2d8	FUN_00f4e2d8	0x0	2		yes		constructor	FUN_00f59df0	
1389	Halve Cycle/Loop Length		Global Commands	0	77	0x0	0x00f4e2d8	FUN_00f4e2d8	0x1	2		yes		constructor	FUN_00f59df0	
1279	Auto Set Locators		Global Commands	0	78	0x0	0x00f612f8	FUN_00f612f8	0x1	1		yes		constructor	FUN_00f59df0	
682	Go to Selection Start		Global Commands	0	79	0x0	0x006a58d8	FUN_006a58d8	0xe	10		yes		constructor	FUN_00f59df0	
1221	Go to Selection End		Global Commands	0	80	0x0	0x006a58d8	FUN_006a58d8	0x8c	10		yes		constructor	FUN_00f59df0	
1239	Go to Beginning of First Region		Global Commands	0	81	0x0	0x006a58d8	FUN_006a58d8	0x40e	10		yes		constructor	FUN_00f59df0	
1240	Go to End of Last Region		Global Commands	0	82	0x0	0x006a58d8	FUN_006a58d8	0x48c	10		yes		constructor	FUN_00f59df0	
1222	Go to Beginning		Global Commands	0	83	0x0	0x00f4c2ac	FUN_00f4c2ac	0x10	11		yes		constructor	FUN_00f59df0	
1241	Go to End		Global Commands	0	84	0x0	0x00f4c2ac	FUN_00f4c2ac	0x14	11		yes		constructor	FUN_00f59df0	
1230	Select Previous Section for Realtime Comping		Global Commands	0	85	0x0	0x00fa19e8	FUN_00fa19e8	0x0	1		yes		constructor	FUN_00f59df0	
513	Create Marker		Global Commands	0	86	0x0	0x007b53fc	FUN_007b53fc	0x0	16		yes		constructor	FUN_00f59df0	
528	Create Marker without rounding		Global Commands	0	87	0x0	0x007b53fc	FUN_007b53fc	0x7	16		yes		constructor	FUN_00f59df0	
1191	Create Marker for Region/Marquee Selection		Global Commands	0	88	0x0	0x007b53fc	FUN_007b53fc	0x8	16		yes		constructor	FUN_00f59df0	
2564	Create Marker by Cycle Area		Global Commands	0	89	0x0	0x007b53fc	FUN_007b53fc	0x9	16		yes		constructor	FUN_00f59df0	
514	Delete Marker		Global Commands	0	90	0x0	0x007b53fc	FUN_007b53fc	0x1	16		yes		constructor	FUN_00f59df0	
517	Open Marker List		Global Commands	0	91	0x0	0x007b53fc	FUN_007b53fc	0x2	16		yes		constructor	FUN_00f59df0	
519	Open Marker Text		Global Commands	0	92	0x0	0x007b53fc	FUN_007b53fc	0x3	16		yes		constructor	FUN_00f59df0	
695	Set Locators by Marker and Enable Cycle		Global Commands	0	93	0x0	0x007b53fc	FUN_007b53fc	0xa	16		yes		constructor	FUN_00f59df0	
696	Set Locators by Previous Marker and Enable Cycle		Global Commands	0	94	0x0	0x007b53fc	FUN_007b53fc	0xc	16		yes		constructor	FUN_00f59df0	
697	Set Locators by Next Marker and Enable Cycle		Global Commands	0	95	0x0	0x007b53fc	FUN_007b53fc	0xb	16		yes		constructor	FUN_00f59df0	
1330	Go to Previous Marker		Global Commands	0	96	0x0	0x007b53fc	FUN_007b53fc	0x5	16		yes	/transport/marker-	constructor	FUN_00f59df0	
1329	Go to Next Marker		Global Commands	0	97	0x0	0x007b53fc	FUN_007b53fc	0x4	16		yes	/transport/marker+	constructor	FUN_00f59df0	
516	Go to Previous Marker And Set Locators		Global Commands	0	98	0x0	0x007b53fc	FUN_007b53fc	0xe	16		yes		constructor	FUN_00f59df0	
515	Go to Next Marker And Set Locators		Global Commands	0	99	0x0	0x007b53fc	FUN_007b53fc	0xd	16		yes		constructor	FUN_00f59df0	
520	Go to Marker Number…		Global Commands	0	100	0x0	0x007b53fc	FUN_007b53fc	0x6	16		no: suppressed		constructor	FUN_00f59df0	
1192	Rename Marker		Global Commands	0	101	0x0	0x007b53fc	FUN_007b53fc	0xf	16		yes		constructor	FUN_00f59df0	
521	Go to Marker Number 1		Global Commands	0	102	0x0	0x007b5954	FUN_007b5954	0x0	20		yes		constructor	FUN_00f59df0	
522	Go to Marker Number 2		Global Commands	0	103	0x0	0x007b5954	FUN_007b5954	0x1	20		yes		constructor	FUN_00f59df0	
523	Go to Marker Number 3		Global Commands	0	104	0x0	0x007b5954	FUN_007b5954	0x2	20		yes		constructor	FUN_00f59df0	
524	Go to Marker Number 4		Global Commands	0	105	0x0	0x007b5954	FUN_007b5954	0x3	20		yes		constructor	FUN_00f59df0	
525	Go to Marker Number 5		Global Commands	0	106	0x0	0x007b5954	FUN_007b5954	0x4	20		yes		constructor	FUN_00f59df0	
546	Go to Marker Number 6		Global Commands	0	107	0x0	0x007b5954	FUN_007b5954	0x5	20		yes		constructor	FUN_00f59df0	
547	Go to Marker Number 7		Global Commands	0	108	0x0	0x007b5954	FUN_007b5954	0x6	20		yes		constructor	FUN_00f59df0	
548	Go to Marker Number 8		Global Commands	0	109	0x0	0x007b5954	FUN_007b5954	0x7	20		yes		constructor	FUN_00f59df0	
549	Go to Marker Number 9		Global Commands	0	110	0x0	0x007b5954	FUN_007b5954	0x8	20		yes		constructor	FUN_00f59df0	
670	Go to Marker Number 10		Global Commands	0	111	0x0	0x007b5954	FUN_007b5954	0x9	20		yes		constructor	FUN_00f59df0	
671	Go to Marker Number 11		Global Commands	0	112	0x0	0x007b5954	FUN_007b5954	0xa	20		yes		constructor	FUN_00f59df0	
672	Go to Marker Number 12		Global Commands	0	113	0x0	0x007b5954	FUN_007b5954	0xb	20		yes		constructor	FUN_00f59df0	
673	Go to Marker Number 13		Global Commands	0	114	0x0	0x007b5954	FUN_007b5954	0xc	20		yes		constructor	FUN_00f59df0	
674	Go to Marker Number 14		Global Commands	0	115	0x0	0x007b5954	FUN_007b5954	0xd	20		yes		constructor	FUN_00f59df0	
675	Go to Marker Number 15		Global Commands	0	116	0x0	0x007b5954	FUN_007b5954	0xe	20		yes		constructor	FUN_00f59df0	
676	Go to Marker Number 16		Global Commands	0	117	0x0	0x007b5954	FUN_007b5954	0xf	20		yes		constructor	FUN_00f59df0	
677	Go to Marker Number 17		Global Commands	0	118	0x0	0x007b5954	FUN_007b5954	0x10	20		yes		constructor	FUN_00f59df0	
678	Go to Marker Number 18		Global Commands	0	119	0x0	0x007b5954	FUN_007b5954	0x11	20		yes		constructor	FUN_00f59df0	
679	Go to Marker Number 19		Global Commands	0	120	0x0	0x007b5954	FUN_007b5954	0x12	20		yes		constructor	FUN_00f59df0	
680	Go to Marker Number 20		Global Commands	0	121	0x0	0x007b5954	FUN_007b5954	0x13	20		yes		constructor	FUN_00f59df0	
2362	Create Arrangement Marker		Global Commands	0	122	0x0	0x007b5b74	FUN_007b5b74	0x0	1		yes		constructor	FUN_00f59df0	
707	Select Previous Project		Global Commands	0	123	0x0	0x004f2e58	FUN_004f2e58	0x0	22		yes		constructor	FUN_00f59df0	
708	Select Next Project		Global Commands	0	124	0x0	0x004f2e58	FUN_004f2e58	0x1	22		yes		constructor	FUN_00f59df0	
711	Select Project 1		Global Commands	0	125	0x0	0x004f2e58	FUN_004f2e58	0x15	22		yes		constructor	FUN_00f59df0	
712	Select Project 2		Global Commands	0	126	0x0	0x004f2e58	FUN_004f2e58	0x16	22		yes		constructor	FUN_00f59df0	
713	Select Project 3		Global Commands	0	127	0x0	0x004f2e58	FUN_004f2e58	0x17	22		yes		constructor	FUN_00f59df0	
714	Select Project 4		Global Commands	0	128	0x0	0x004f2e58	FUN_004f2e58	0x18	22		yes		constructor	FUN_00f59df0	
715	Select Project 5		Global Commands	0	129	0x0	0x004f2e58	FUN_004f2e58	0x19	22		yes		constructor	FUN_00f59df0	
716	Select Project 6		Global Commands	0	130	0x0	0x004f2e58	FUN_004f2e58	0x1a	22		yes		constructor	FUN_00f59df0	
717	Select Project 7		Global Commands	0	131	0x0	0x004f2e58	FUN_004f2e58	0x1b	22		yes		constructor	FUN_00f59df0	
718	Select Project 8		Global Commands	0	132	0x0	0x004f2e58	FUN_004f2e58	0x1c	22		yes		constructor	FUN_00f59df0	
719	Select Project 9		Global Commands	0	133	0x0	0x004f2e58	FUN_004f2e58	0x1d	22		yes		constructor	FUN_00f59df0	
720	Select Project 10		Global Commands	0	134	0x0	0x004f2e58	FUN_004f2e58	0x1e	22		yes		constructor	FUN_00f59df0	
721	Select Project 11		Global Commands	0	135	0x0	0x004f2e58	FUN_004f2e58	0x1f	22		yes		constructor	FUN_00f59df0	
722	Select Project 12		Global Commands	0	136	0x0	0x004f2e58	FUN_004f2e58	0x20	22		yes		constructor	FUN_00f59df0	
723	Select Project 13		Global Commands	0	137	0x0	0x004f2e58	FUN_004f2e58	0x21	22		yes		constructor	FUN_00f59df0	
724	Select Project 14		Global Commands	0	138	0x0	0x004f2e58	FUN_004f2e58	0x22	22		yes		constructor	FUN_00f59df0	
725	Select Project 15		Global Commands	0	139	0x0	0x004f2e58	FUN_004f2e58	0x23	22		yes		constructor	FUN_00f59df0	
726	Select Project 16		Global Commands	0	140	0x0	0x004f2e58	FUN_004f2e58	0x24	22		yes		constructor	FUN_00f59df0	
727	Select Project 17		Global Commands	0	141	0x0	0x004f2e58	FUN_004f2e58	0x25	22		yes		constructor	FUN_00f59df0	
728	Select Project 18		Global Commands	0	142	0x0	0x004f2e58	FUN_004f2e58	0x26	22		yes		constructor	FUN_00f59df0	
729	Select Project 19		Global Commands	0	143	0x0	0x004f2e58	FUN_004f2e58	0x27	22		yes		constructor	FUN_00f59df0	
730	Select Project 20		Global Commands	0	144	0x0	0x004f2e58	FUN_004f2e58	0x28	22		yes		constructor	FUN_00f59df0	
15	Cycle Mode		Global Commands	0	145	0x0	0x00f6149c	FUN_00f6149c	0x0	1		yes	/cs/transport/cycle	constructor	FUN_00f59df0	
16	Autopunch Mode		Global Commands	0	146	0x0	0x00f615a4	FUN_00f615a4	0x0	1		yes		constructor	FUN_00f59df0	
20	Replace		Global Commands	0	147	0x0	0x00f616b4	FUN_00f616b4	0x0	1		yes		constructor	FUN_00f59df0	
17	Region Solo		Global Commands	0	148	0x0	0x00f617f4	FUN_00f617f4	0x0	1		yes		constructor	FUN_00f59df0	
25	Solo Tracks (Channel Strips) of Selected Regions/Cells		Global Commands	0	149	0x0	0x00f4e6cc	FUN_00f4e6cc	0x0	1		yes		constructor	FUN_00f59df0	
121	Engage Solo Tracks (Channel Strips) of Selected Regions/Cells		Global Commands	0	150	0x0	0x00f4e8e0	FUN_00f4e8e0	0x0	1		yes		constructor	FUN_00f59df0	
482	Set Solo Lock Mode		Global Commands	0	151	0x0	0x00f61950	FUN_00f61950	0x0	1		yes		constructor	FUN_00f59df0	
701	Reselect Solo-Locked Regions		Global Commands	0	152	0x0	0x00f61a9c	FUN_00f61a9c	0x0	1		yes		constructor	FUN_00f59df0	
1040	Clear/Recall Solo		Global Commands	0	153	0x0	0x00f61bac	FUN_00f61bac	0x0	1		yes	/cs/mixer/soloactive /cs/mixer/soloreset	constructor	FUN_00f59df0	
1041	Mute off for all		Global Commands	0	154	0x0	0x00f61eb8	FUN_00f61eb8	0x0	1		yes	/cs/mixer/muteactive /cs/mixer/mutereset	constructor	FUN_00f59df0	
1042	Record off for all		Global Commands	0	155	0x0	0x00f61fc0	FUN_00f61fc0	0x0	1		yes		constructor	FUN_00f59df0	
23	Sync intern/extern		Global Commands	0	156	0x0	0x00f620c8	FUN_00f620c8	0x0	1		yes		constructor	FUN_00f59df0	
532	Tap Tempo		Global Commands	0	157	0x0	0x00ed7a48	FUN_00ed7a48	0x0	1		yes		constructor	FUN_00f59df0	
24	MIDI Machine Control		Global Commands	0	158	0x0	0x00f62218	FUN_00f62218	0x0	1		yes		constructor	FUN_00f59df0	
1904	Cycle Preview		Global Commands	0	159	0x0	0x00f59484	FUN_00f59484	0x0	1		yes		constructor	FUN_00f59df0	
470	Set Next Higher Division		Global Commands	0	160	0x0	0x00f62358	FUN_00f62358	0x0	2		yes		constructor	FUN_00f59df0	
471	Set Next Lower Division		Global Commands	0	161	0x0	0x00f62358	FUN_00f62358	0x1	2		yes		constructor	FUN_00f59df0	
2300	Set Division Value to 1/4 Note		Global Commands	0	162	0x0	0x00f624f4	FUN_00f624f4	0x3	12		yes		constructor	FUN_00f59df0	
2302	Set Division Value to 1/8 Note		Global Commands	0	163	0x0	0x00f624f4	FUN_00f624f4	0x5	12		yes		constructor	FUN_00f59df0	
2304	Set Division Value to 1/16 Note		Global Commands	0	164	0x0	0x00f624f4	FUN_00f624f4	0x7	12		yes		constructor	FUN_00f59df0	
2306	Set Division Value to 1/32 Note		Global Commands	0	165	0x0	0x00f624f4	FUN_00f624f4	0x9	12		yes		constructor	FUN_00f59df0	
2308	Set Division Value to 1/64 Note		Global Commands	0	166	0x0	0x00f624f4	FUN_00f624f4	0xb	12		yes		constructor	FUN_00f59df0	
2310	Set Division Value to 1/128 Note		Global Commands	0	167	0x0	0x00f624f4	FUN_00f624f4	0xd	12		yes		constructor	FUN_00f59df0	
2301	Set Division Value to 1/4 Triplet (1/6)		Global Commands	0	168	0x0	0x00f624f4	FUN_00f624f4	0x4	12		yes		constructor	FUN_00f59df0	
2303	Set Division Value to 1/8 Triplet (1/12)		Global Commands	0	169	0x0	0x00f624f4	FUN_00f624f4	0x6	12		yes		constructor	FUN_00f59df0	
2305	Set Division Value to 1/16 Triplet (1/24)		Global Commands	0	170	0x0	0x00f624f4	FUN_00f624f4	0x8	12		yes		constructor	FUN_00f59df0	
2307	Set Division Value to 1/32 Triplet (1/48)		Global Commands	0	171	0x0	0x00f624f4	FUN_00f624f4	0xa	12		yes		constructor	FUN_00f59df0	
2309	Set Division Value to 1/64 Triplet (1/96)		Global Commands	0	172	0x0	0x00f624f4	FUN_00f624f4	0xc	12		yes		constructor	FUN_00f59df0	
2299	Set Division Value to 1/128 Triplet (1/192)		Global Commands	0	173	0x0	0x00f624f4	FUN_00f624f4	0xe	12		yes		constructor	FUN_00f59df0	
474	Metronome Click		Global Commands	0	174	0x0	0x00f4eae0	FUN_00f4eae0	0x0	1		yes	/cs/transport/click	constructor	FUN_00f59df0	
1291	Count-in		Global Commands	0	175	0x0	0x00f4f028	FUN_00f4f028	0x0	1		yes		constructor	FUN_00f59df0	
27	Send Reset Controllers		Global Commands	0	176	0x0	0x00f4f6dc	FUN_00f4f6dc	0x0	1		yes		constructor	FUN_00f59df0	
29	Send discrete Note Offs (Panic)		Global Commands	0	177	0x0	0x00f4f944	FUN_00f4f944	0x0	1		yes		constructor	FUN_00f59df0	
28	Send Maximum Volume		Global Commands	0	178	0x0	0x00f4fb38	FUN_00f4fb38	0x0	1		yes		constructor	FUN_00f59df0	
122	Send Used Instruments MIDI Settings		Global Commands	0	179	0x0	0x0063c064	FUN_0063c064	0x0	1		yes		constructor	FUN_00f59df0	
38	Send All Current Fader Values except Sysex		Global Commands	0	180	0x0	0x0072d814	FUN_0072d814	0x0	2		yes		constructor	FUN_00f59df0	
541	Send All Current Fader Values		Global Commands	0	181	0x0	0x0072d814	FUN_0072d814	0x1	2		yes		constructor	FUN_00f59df0	
1226	Duplicate Screenset…		Global Commands	0	182	0x0	0x00817ef0	FUN_00817ef0	0x0	1		no: suppressed		constructor	FUN_00f59df0	
1224	Rename Screenset…		Global Commands	0	183	0x0	0x00817f6c	FUN_00817f6c	0x0	1		no: suppressed		constructor	FUN_00f59df0	
1225	Delete Screenset		Global Commands	0	184	0x0	0x00817fe8	FUN_00817fe8	0x0	1		yes		constructor	FUN_00f59df0	
479	Lock/Unlock Current Screenset		Global Commands	0	185	0x0	0x00817d90	FUN_00817d90	0x0	1		yes		constructor	FUN_00f59df0	
478	Revert to Saved Screenset		Global Commands	0	186	0x0	0x008177d4	FUN_008177d4	0x0	1		yes		constructor	FUN_00f59df0	
533	Next Screenset		Global Commands	0	187	0x0	0x00817b58	FUN_00817b58	0x0	1		yes		constructor	FUN_00f59df0	
534	Previous Screenset		Global Commands	0	188	0x0	0x00817c74	FUN_00817c74	0x0	1		yes		constructor	FUN_00f59df0	
1001	Recall Screenset 1		Global Commands	0	189	0x0	0x00817890	FUN_00817890	0x1	9		yes		constructor	FUN_00f59df0	
1002	Recall Screenset 2		Global Commands	0	190	0x0	0x00817890	FUN_00817890	0x2	9		yes		constructor	FUN_00f59df0	
1003	Recall Screenset 3		Global Commands	0	191	0x0	0x00817890	FUN_00817890	0x3	9		yes		constructor	FUN_00f59df0	
1004	Recall Screenset 4		Global Commands	0	192	0x0	0x00817890	FUN_00817890	0x4	9		yes		constructor	FUN_00f59df0	
1005	Recall Screenset 5		Global Commands	0	193	0x0	0x00817890	FUN_00817890	0x5	9		yes		constructor	FUN_00f59df0	
1006	Recall Screenset 6		Global Commands	0	194	0x0	0x00817890	FUN_00817890	0x6	9		yes		constructor	FUN_00f59df0	
1007	Recall Screenset 7		Global Commands	0	195	0x0	0x00817890	FUN_00817890	0x7	9		yes		constructor	FUN_00f59df0	
1008	Recall Screenset 8		Global Commands	0	196	0x0	0x00817890	FUN_00817890	0x8	9		yes		constructor	FUN_00f59df0	
1009	Recall Screenset 9		Global Commands	0	197	0x0	0x00817890	FUN_00817890	0x9	9		yes		constructor	FUN_00f59df0	
1261	Recall Screenset 1x		Global Commands	0	198	0x0	0x00817ab4	FUN_00817ab4	0x1	9		yes		constructor	FUN_00f59df0	
1262	Recall Screenset 2x		Global Commands	0	199	0x0	0x00817ab4	FUN_00817ab4	0x2	9		yes		constructor	FUN_00f59df0	
1263	Recall Screenset 3x		Global Commands	0	200	0x0	0x00817ab4	FUN_00817ab4	0x3	9		yes		constructor	FUN_00f59df0	
1264	Recall Screenset 4x		Global Commands	0	201	0x0	0x00817ab4	FUN_00817ab4	0x4	9		yes		constructor	FUN_00f59df0	
1265	Recall Screenset 5x		Global Commands	0	202	0x0	0x00817ab4	FUN_00817ab4	0x5	9		yes		constructor	FUN_00f59df0	
1266	Recall Screenset 6x		Global Commands	0	203	0x0	0x00817ab4	FUN_00817ab4	0x6	9		yes		constructor	FUN_00f59df0	
1267	Recall Screenset 7x		Global Commands	0	204	0x0	0x00817ab4	FUN_00817ab4	0x7	9		yes		constructor	FUN_00f59df0	
1268	Recall Screenset 8x		Global Commands	0	205	0x0	0x00817ab4	FUN_00817ab4	0x8	9		yes		constructor	FUN_00f59df0	
1269	Recall Screenset 9x		Global Commands	0	206	0x0	0x00817ab4	FUN_00817ab4	0x9	9		yes		constructor	FUN_00f59df0	
33	Region Inspector Float		Global Commands	0	207	0x0	0x00846a54	FUN_00846a54	0x0	1		yes		constructor	FUN_00f59df0	
540	Import Project Settings…		Global Commands	0	208	0x0	0x00eee7c4	FUN_00eee7c4	0x0	1		no: suppressed		constructor	FUN_00f59df0	
681	Open Synchronization Project Settings…		Global Commands	0	209	0x0	0x00881db0	FUN_00881db0	0x0	1		no: suppressed		constructor	FUN_00f59df0	
1163	Open Metronome Project Settings…		Global Commands	0	210	0x0	0x00827048	FUN_00827048	0x0	18		no: suppressed		constructor	FUN_00f59df0	
1367	Open Smart Tempo Settings…		Global Commands	0	211	0x0	0x00827048	FUN_00827048	0x10	18		yes		constructor	FUN_00f59df0	
62	Open Recording Project Settings…		Global Commands	0	212	0x0	0x00827048	FUN_00827048	0x2	18		no: suppressed		constructor	FUN_00f59df0	
1164	Open Tuning Project Settings…		Global Commands	0	213	0x0	0x00827048	FUN_00827048	0x15	18		no: suppressed		constructor	FUN_00f59df0	
1165	Open Audio Project Settings…		Global Commands	0	214	0x0	0x00827048	FUN_00827048	0x16	18		no: suppressed		constructor	FUN_00f59df0	
61	Open MIDI Project Settings…		Global Commands	0	215	0x0	0x00827048	FUN_00827048	0x3	18		no: suppressed		constructor	FUN_00f59df0	
69	Open Chase Events Project Settings…		Global Commands	0	216	0x0	0x00827048	FUN_00827048	0x4	18		no: suppressed		constructor	FUN_00f59df0	
1166	Open Score Project Settings…		Global Commands	0	217	0x0	0x00827048	FUN_00827048	0x11	18		no: suppressed		constructor	FUN_00f59df0	
1167	Open Movie Project Settings…		Global Commands	0	218	0x0	0x00827048	FUN_00827048	0xe	18		no: suppressed		constructor	FUN_00f59df0	
1168	Open Assets Project Settings…		Global Commands	0	219	0x0	0x00827048	FUN_00827048	0xf	18		no: suppressed		constructor	FUN_00f59df0	
30	Open Settings…		Global Commands	0	220	0x0	0x008267f0	FUN_008267f0	0x0	1		no: suppressed		constructor	FUN_00f59df0	
1152	Open General Settings…		Global Commands	0	221	0x0	0x00826884	FUN_00826884	0x1	11		no: suppressed		constructor	FUN_00f59df0	
1153	Open Audio Settings…		Global Commands	0	222	0x0	0x00826884	FUN_00826884	0x4	11		no: suppressed		constructor	FUN_00f59df0	
1342	Open Recording Settings…		Global Commands	0	223	0x0	0x00826884	FUN_00826884	0xf	11		no: suppressed		constructor	FUN_00f59df0	
1154	Open MIDI Settings…		Global Commands	0	224	0x0	0x00826884	FUN_00826884	0x0	11		no: suppressed		constructor	FUN_00f59df0	
1155	Open View Settings…		Global Commands	0	225	0x0	0x00826884	FUN_00826884	0x2	11		no: suppressed		constructor	FUN_00f59df0	
1156	Open Score Settings…		Global Commands	0	226	0x0	0x00826884	FUN_00826884	0x3	11		no: suppressed		constructor	FUN_00f59df0	
1157	Open Movie Settings…		Global Commands	0	227	0x0	0x00826884	FUN_00826884	0xb	11		no: suppressed		constructor	FUN_00f59df0	
1158	Open Automation Settings…		Global Commands	0	228	0x0	0x00826884	FUN_00826884	0xc	11		no: suppressed		constructor	FUN_00f59df0	
1159	Open Control Surfaces Settings…		Global Commands	0	229	0x0	0x00826884	FUN_00826884	0xd	11		no: suppressed		constructor	FUN_00f59df0	
1310	Open My Info Settings…		Global Commands	0	230	0x0	0x00826884	FUN_00826884	0xe	11		no: suppressed		constructor	FUN_00f59df0	
1187	Open Surround Settings…		Global Commands	0	231	0x0	0x00826884	FUN_00826884	0x5	11		no: suppressed		constructor	FUN_00f59df0	
1160	Reset All Settings Except Key Command Assignments…		Global Commands	0	232	0x0	0x0086e140	FUN_0086e140	0x0	1		no: suppressed		constructor	FUN_00f59df0	
1315	Plug-in Manager…		Global Commands	0	233	0x0	0x00826990	FUN_00826990	0x0	1		no: suppressed		constructor	FUN_00f59df0	
2317	Open Chord Grid Library…		Global Commands	0	234	0x0	0x00f56f5c	FUN_00f56f5c	0x0	1		yes		constructor	FUN_00f59df0	
487	Open Event List…		Global Commands	0	235	0x0	0x00f51690	FUN_00f51690	0x1	13		no: suppressed		constructor	FUN_00f59df0	
686	Open Main Window…		Global Commands	0	236	0x0	0x00f51690	FUN_00f51690	0x9	13		no: suppressed		constructor	FUN_00f59df0	
690	Open Mixer…		Global Commands	0	237	0x0	0x00f51690	FUN_00f51690	0x21	13		no: suppressed		constructor	FUN_00f59df0	
1295	Open Smart Controls…		Global Commands	0	238	0x0	0x00f4ffa0	FUN_00f4ffa0	0x0	1		yes		constructor	FUN_00f59df0	
488	Open Score Editor…		Global Commands	0	239	0x0	0x00f51690	FUN_00f51690	0x8	13		no: suppressed		constructor	FUN_00f59df0	
2909	Open Step Sequencer…		Global Commands	0	240	0x0	0x00f51690	FUN_00f51690	0x2d	13		yes		constructor	FUN_00f59df0	
775	Open Transform…		Global Commands	0	241	0x0	0x00f51690	FUN_00f51690	0x6	13		yes		constructor	FUN_00f59df0	
490	Open Step Editor…		Global Commands	0	242	0x0	0x00f51690	FUN_00f51690	0x3	13		no: suppressed		constructor	FUN_00f59df0	
489	Open Piano Roll…		Global Commands	0	243	0x0	0x00f51690	FUN_00f51690	0x2	13		no: suppressed		constructor	FUN_00f59df0	
499	Open Transport Float…		Global Commands	0	244	0x0	0x00f51690	FUN_00f51690	0xa	13		no: suppressed		constructor	FUN_00f59df0	
495	Open Environment…		Global Commands	0	245	0x0	0x00f51690	FUN_00f51690	0x10	13		yes		constructor	FUN_00f59df0	
497	Open Project Audio…		Global Commands	0	246	0x0	0x00f51690	FUN_00f51690	0x15	13		no: suppressed		constructor	FUN_00f59df0	
1318	Note Repeat		Global Commands	0	247	0x0	0x00f53b10	FUN_00f53b10	0x0	1		yes		constructor	FUN_00f59df0	
1319	Spot Erase		Global Commands	0	248	0x0	0x00f53d28	FUN_00f53d28	0x0	1		yes		constructor	FUN_00f59df0	
498	Open Audio File Editor…		Global Commands	0	249	0x0	0x00f51690	FUN_00f51690	0x16	13		yes		constructor	FUN_00f59df0	
2904	Open Smart Tempo Editor…		Global Commands	0	250	0x0	0x00f51adc	FUN_00f51adc	0x0	1		yes		constructor	FUN_00f59df0	
2905	Open Audio Track Editor		Global Commands	0	251	0x0	0x00f52080	FUN_00f52080	0x0	1		yes		constructor	FUN_00f59df0	
768	Open Signature List…		Global Commands	0	252	0x0	0x00f51690	FUN_00f51690	0x22	13		no: suppressed		constructor	FUN_00f59df0	
1303	Show/Hide Graphic Keyboard…		Global Commands	0	253	0x0	0x00f4fe4c	FUN_00f4fe4c	0x0	2		no: suppressed		constructor	FUN_00f59df0	
1304	Show/Hide Musical Typing…		Global Commands	0	254	0x0	0x00f4fe4c	FUN_00f4fe4c	0x1	2		no: suppressed		constructor	FUN_00f59df0	
475	Show/Hide Event Float		Global Commands	0	255	0x0	0x00f52314	FUN_00f52314	0x0	1		yes		constructor	FUN_00f59df0	
733	Show/Hide Event List		Global Commands	0	256	0x0	0x00f52580	FUN_00f52580	0x1	15		yes		constructor	FUN_00f59df0	
734	Show/Hide Main Window		Global Commands	0	257	0x0	0x00f52580	FUN_00f52580	0x9	15		yes		constructor	FUN_00f59df0	
735	Show/Hide Mixer		Global Commands	0	258	0x0	0x00f52580	FUN_00f52580	0x21	15		yes		constructor	FUN_00f59df0	
1296	Show/Hide Smart Controls		Global Commands	0	259	0x0	0x00f50d64	FUN_00f50d64	0x0	1		yes		constructor	FUN_00f59df0	
1396	Show/Hide Keyswitches		Global Commands	0	260	0x0	0x00f50f84	FUN_00f50f84	0x0	2		yes		constructor	FUN_00f59df0	
1397	Show/Hide Keyswitches Window		Global Commands	0	261	0x0	0x00f50f84	FUN_00f50f84	0x1	2		yes		constructor	FUN_00f59df0	
736	Show/Hide Score Editor		Global Commands	0	262	0x0	0x00f52580	FUN_00f52580	0x8	15		yes		constructor	FUN_00f59df0	
248	Show/Hide Staff Style Window		Global Commands	0	263	0x0	0x004c68c8	FUN_004c68c8	0x0	1		yes		constructor	FUN_00f59df0	
249	Show/Hide Score Sets Window		Global Commands	0	264	0x0	0x011d5d44	FUN_011d5d44	0x0	1		yes		constructor	FUN_00f59df0	
839	Show/Hide Text Style Window		Global Commands	0	265	0x0	0x014d28fc	FUN_014d28fc	0x0	1		yes		constructor	FUN_00f59df0	
2894	Show/Hide Step Sequencer		Global Commands	0	266	0x0	0x00f52580	FUN_00f52580	0x2d	15		yes		constructor	FUN_00f59df0	
737	Show/Hide Transform		Global Commands	0	267	0x0	0x00f52580	FUN_00f52580	0x6	15		yes		constructor	FUN_00f59df0	
738	Show/Hide Step Editor		Global Commands	0	268	0x0	0x00f52580	FUN_00f52580	0x3	15		yes		constructor	FUN_00f59df0	
739	Show/Hide Piano Roll		Global Commands	0	269	0x0	0x00f52580	FUN_00f52580	0x2	15		yes		constructor	FUN_00f59df0	
740	Show/Hide Transport Float		Global Commands	0	270	0x0	0x00f596f4	FUN_00f596f4	0xa	1		yes		constructor	FUN_00f59df0	
741	Show/Hide Environment		Global Commands	0	271	0x0	0x00f52580	FUN_00f52580	0x10	15		yes		constructor	FUN_00f59df0	
1208	Show/Hide Step Input Keyboard		Global Commands	0	272	0x0	0x00f52580	FUN_00f52580	0x24	15		yes		constructor	FUN_00f59df0	
742	Show/Hide Project Audio		Global Commands	0	273	0x0	0x00f52580	FUN_00f52580	0x15	15		yes		constructor	FUN_00f59df0	
748	Show/Hide Loop Browser		Global Commands	0	274	0x0	0x00f50328	FUN_00f50328	0x0	1		yes		constructor	FUN_00f59df0	
749	Show/Hide Library		Global Commands	0	275	0x0	0x00f505c8	FUN_00f505c8	0x0	1		yes		constructor	FUN_00f59df0	
3404	Search Patch		Global Commands	0	276	0x0	0x00f5063c	FUN_00f5063c	0x0	1		yes		constructor	FUN_00f59df0	
750	Show/Hide File Browser		Global Commands	0	277	0x0	0x00f50864	FUN_00f50864	0x0	1		yes		constructor	FUN_00f59df0	
1309	Show/Hide Audio Track Editor		Global Commands	0	278	0x0	0x00f508ec	FUN_00f508ec	0x0	1		yes		constructor	FUN_00f59df0	
743	Show/Hide Audio File Editor		Global Commands	0	279	0x0	0x00f52580	FUN_00f52580	0x16	15		yes		constructor	FUN_00f59df0	
747	Show/Hide Marker List		Global Commands	0	280	0x0	0x00f52580	FUN_00f52580	0x1c	15		yes		constructor	FUN_00f59df0	
746	Show/Hide Tempo List		Global Commands	0	281	0x0	0x00f52580	FUN_00f52580	0xb	15		yes		constructor	FUN_00f59df0	
744	Show/Hide Signature List		Global Commands	0	282	0x0	0x00f52580	FUN_00f52580	0x22	15		yes		constructor	FUN_00f59df0	
1290	Show/Hide Quick Help		Global Commands	0	283	0x0	0x00fbf7ac	FUN_00fbf7ac	0x0	1		yes		constructor	FUN_00f59df0	
1351	Switch Quick Help Appearance between Bubbles and Inspector Pane/Float Window		Global Commands	0	284	0x0	0x00fbf954	FUN_00fbf954	0x0	1		yes		constructor	FUN_00f59df0	
1293	Show Detailed Help		Global Commands	0	285	0x0	0x00fbfac0	FUN_00fbfac0	0x0	1		yes		constructor	FUN_00f59df0	
1352	Show/Hide Help Tags		Global Commands	0	286	0x0	0x00f59374	FUN_00f59374	0x0	1		yes		constructor	FUN_00f59df0	
583	Open in External Sample Editor		Global Commands	0	287	0x0	0x006a6d88	FUN_006a6d88	0x0	1		yes		constructor	FUN_00f59df0	
685	Show/Hide Performance Meter		Global Commands	0	288	0x0	0x00de2f1c	FUN_00de2f1c	0x0	1		no: suppressed		constructor	FUN_00f59df0	
39	Open Tempo List…		Global Commands	0	289	0x0	0x00f53f40	FUN_00f53f40	0x0	1		no: suppressed		constructor	FUN_00f59df0	
500	Open Tempo Operations…		Global Commands	0	290	0x0	0x00f54368	FUN_00f54368	0x0	1		yes		constructor	FUN_00f59df0	
531	Open Tempo Interpreter…		Global Commands	0	291	0x0	0x00f54170	FUN_00f54170	0x0	1		yes		constructor	FUN_00f59df0	
35	Open Key Command Assignments…		Global Commands	0	292	0x0	0x0086fc1c	FUN_0086fc1c	0x0	1		no: suppressed		constructor	FUN_00f59df0	
483	Show/Hide Colors		Global Commands	0	293	0x0	0x015a9878	FUN_015a9878	0x0	1		yes		constructor	FUN_00f59df0	
1297	Enter/Exit Full Screen		Global Commands	0	294	0x0	0x00f56fe4	FUN_00f56fe4	0x0	1		yes		constructor	FUN_00f59df0	
1299	Show/Hide Tuner		Global Commands	0	295	0x0	0x00f57df8	FUN_00f57df8	0x0	1		yes		constructor	FUN_00f59df0	
1336	MIDI Remote for Articulation Switches		Global Commands	0	296	0x0	0x00f58008	FUN_00f58008	0x0	1		yes		constructor	FUN_00f59df0	
1194	Open Movie…		Global Commands	0	297	0x0	0x00993b5c	FUN_00993b5c	0xb	1		no: suppressed		constructor	FUN_00f59df0	
1306	Show/Hide Movie Window		Global Commands	0	298	0x0	0x00993e98	FUN_00993e98	0x0	1		yes		constructor	FUN_00f59df0	
1220	Remove Movie		Global Commands	0	299	0x0	0x009942c4	FUN_009942c4	0x0	1		yes		constructor	FUN_00f59df0	
1196	Import Audio from Movie		Global Commands	0	300	0x0	0x00e4fe34	FUN_00e4fe34	0x2	1		yes		constructor	FUN_00f59df0	
1197	Export Audio to Movie…		Global Commands	0	301	0x0	0x010700fc	FUN_010700fc	0x0	1		no: suppressed		constructor	FUN_00f59df0	
1198	Create Movie Scene Cut Markers (Auto Range)		Global Commands	0	302	0x0	0x017a8090	FUN_017a8090	0x0	1		yes		constructor	FUN_00f59df0	
1199	Remove Movie Scene Cut Markers (Auto Range)		Global Commands	0	303	0x0	0x017a8a8c	FUN_017a8a8c	0x1	1		yes		constructor	FUN_00f59df0	
1320	Mute Movie Audio On/Off		Global Commands	0	304	0x0	0x0099559c	FUN_0099559c	0x0	1		yes		constructor	FUN_00f59df0	
1321	Solo Movie Audio On/Off		Global Commands	0	305	0x0	0x009957dc	FUN_009957dc	0x0	1		yes		constructor	FUN_00f59df0	
1322	Set Movie Region Start to Playhead		Global Commands	0	306	0x0	0x00995a28	FUN_00995a28	0x0	1		yes		constructor	FUN_00f59df0	
1323	Set Movie Region End to Playhead		Global Commands	0	307	0x0	0x00995df4	FUN_00995df4	0x0	1		yes		constructor	FUN_00f59df0	
1326	Reset Movie Region		Global Commands	0	308	0x0	0x00996954	FUN_00996954	0x0	1		yes		constructor	FUN_00f59df0	
1324	Move Movie Region (and SMPTE Position) to Project Start		Global Commands	0	309	0x0	0x009961c0	FUN_009961c0	0x0	1		yes		constructor	FUN_00f59df0	
1325	Move Movie Region (and SMPTE Position) to Playhead		Global Commands	0	310	0x0	0x009965bc	FUN_009965bc	0x0	2		yes		constructor	FUN_00f59df0	
1346	Move Movie Region to Playhead		Global Commands	0	311	0x0	0x009965bc	FUN_009965bc	0x1	2		yes		constructor	FUN_00f59df0	
1347	Show Movie in Finder		Global Commands	0	312	0x0	0x009947c0	FUN_009947c0	0x0	1		yes		constructor	FUN_00f59df0	
36	Open Environment Mixer…		Global Commands	0	313	0x0	0x00244bd8	FUN_00244bd8	0x0	1		no: suppressed		constructor	FUN_00f59df0	
511	Toggle Level of Input Channel Strips		Global Commands	0	314	0x0	0x0024b7d0	FUN_0024b7d0	0x0	5		yes		constructor	FUN_00f59df0	
602	Toggle Level of Audio Channel Strips		Global Commands	0	315	0x0	0x0024b7d0	FUN_0024b7d0	0x1	5		yes		constructor	FUN_00f59df0	
603	Toggle Level of Auxiliary Channel Strips		Global Commands	0	316	0x0	0x0024b7d0	FUN_0024b7d0	0x2	5		yes		constructor	FUN_00f59df0	
604	Toggle Level of Bus Channel Strips		Global Commands	0	317	0x0	0x0024b7d0	FUN_0024b7d0	0x3	5		yes		constructor	FUN_00f59df0	
605	Toggle Level of Output Channel Strips		Global Commands	0	318	0x0	0x0024b7d0	FUN_0024b7d0	0x4	5		yes		constructor	FUN_00f59df0	
1012	Toggle Selected Tracks or Channel Strips Automation Off/Read		Global Commands	0	319	0x0	0x007fb838	FUN_007fb838	0x0	5		yes		constructor	FUN_00f59df0	
1013	Set Selected Tracks or Channel Strips to Automation Read		Global Commands	0	320	0x0	0x007fb838	FUN_007fb838	0x1	5		yes		constructor	FUN_00f59df0	
1014	Toggle Selected Tracks or Channel Strips Automation Touch/Read		Global Commands	0	321	0x0	0x007fb838	FUN_007fb838	0x2	5		yes		constructor	FUN_00f59df0	
1015	Toggle Selected Tracks or Channel Strips Automation Latch/Read		Global Commands	0	322	0x0	0x007fb838	FUN_007fb838	0x3	5		yes		constructor	FUN_00f59df0	
1016	Toggle Selected Tracks or Channel Strips Automation Write/Read		Global Commands	0	323	0x0	0x007fb838	FUN_007fb838	0x4	5		yes		constructor	FUN_00f59df0	
2270	Toggle Selected Tracks or Channel Strips Automation Trim Mode		Global Commands	0	324	0x0	0x007ff7fc	FUN_007ff7fc	0x0	1		yes		constructor	FUN_00f59df0	
2272	Toggle Selected Tracks or Channel Strips Automation Write Relative Mode		Global Commands	0	325	0x0	0x008009e8	FUN_008009e8	0x0	1		yes		constructor	FUN_00f59df0	
2598	Toggle Selected Tracks or Channel Strips Record Region Automation Mode		Global Commands	0	326	0x0	0x008003d8	FUN_008003d8	0x0	1		yes		constructor	FUN_00f59df0	
1019	Set All Tracks to Automation Off		Global Commands	0	327	0x0	0x007fa698	FUN_007fa698	0x0	5		yes		constructor	FUN_00f59df0	
1020	Set All Tracks to Automation Read		Global Commands	0	328	0x0	0x007fa698	FUN_007fa698	0x1	5		yes		constructor	FUN_00f59df0	
1021	Set All Tracks to Automation Touch		Global Commands	0	329	0x0	0x007fa698	FUN_007fa698	0x2	5		yes		constructor	FUN_00f59df0	
1022	Set All Tracks to Automation Latch		Global Commands	0	330	0x0	0x007fa698	FUN_007fa698	0x3	5		yes		constructor	FUN_00f59df0	
1023	Set All Tracks to Automation Write		Global Commands	0	331	0x0	0x007fa698	FUN_007fa698	0x4	5		yes		constructor	FUN_00f59df0	
1032	Track Automation Event List…		Global Commands	0	332	0x0	0x007f7d7c	FUN_007f7d7c	0x0	1		no: suppressed		constructor	FUN_00f59df0	
1200	Writing Volume Automation in Write Mode		Global Commands	0	333	0x0	0x008028f8	FUN_008028f8	0x0	6		yes		constructor	FUN_00f59df0	
1201	Writing Pan Automation in Write Mode		Global Commands	0	334	0x0	0x008028f8	FUN_008028f8	0x1	6		yes		constructor	FUN_00f59df0	
1202	Writing Mute Automation in Write Mode		Global Commands	0	335	0x0	0x008028f8	FUN_008028f8	0x2	6		yes		constructor	FUN_00f59df0	
1203	Writing Send Levels Automation in Write Mode		Global Commands	0	336	0x0	0x008028f8	FUN_008028f8	0x3	6		yes		constructor	FUN_00f59df0	
1204	Writing Plug-in parameters Automation in Write Mode		Global Commands	0	337	0x0	0x008028f8	FUN_008028f8	0x4	6		yes		constructor	FUN_00f59df0	
1205	Writing Solo Automation in Write Mode		Global Commands	0	338	0x0	0x008028f8	FUN_008028f8	0x5	6		yes		constructor	FUN_00f59df0	
1030	Automation Quick Access		Global Commands	0	339	0x0	0x00802634	FUN_00802634	0x0	1		yes		constructor	FUN_00f59df0	
1275	Set Move Track Automation with Regions to Never		Global Commands	0	340	0x0	0x00f56c0c	FUN_00f56c0c	0x0	3		yes		constructor	FUN_00f59df0	
1276	Set Move Track Automation with Regions to Always		Global Commands	0	341	0x0	0x00f56c0c	FUN_00f56c0c	0x1	3		yes		constructor	FUN_00f59df0	
1277	Set Move Track Automation with Regions to Ask		Global Commands	0	342	0x0	0x00f56c0c	FUN_00f56c0c	0x2	3		yes		constructor	FUN_00f59df0	
1284	Include Track Automation Region Trails, if possible		Global Commands	0	343	0x0	0x00f56cec	FUN_00f56cec	0x0	1		yes		constructor	FUN_00f59df0	
1278	Move Track Automation with Regions		Global Commands	0	344	0x0	0x00f56dac	FUN_00f56dac	0x0	1		yes		constructor	FUN_00f59df0	
1378	Autoselect Automation Parameter in Read Mode		Global Commands	0	345	0x0	0x007f8ccc	FUN_007f8ccc	0x0	1		yes		constructor	FUN_00f59df0	
1031	Enable/Disable Groups		Global Commands	0	346	0x0	0x005a09f4	FUN_005a09f4	0x0	1		yes		constructor	FUN_00f59df0	
1079	Open Group Settings…		Global Commands	0	347	0x0	0x00f54560	FUN_00f54560	0x0	1		no: suppressed		constructor	FUN_00f59df0	
1280	Show/Hide Groups Window		Global Commands	0	348	0x0	0x00f54774	FUN_00f54774	0x0	1		yes		constructor	FUN_00f59df0	
2370	Create Group for Selected Channel Strips / Tracks		Global Commands	0	349	0x0	0x005a0ca8	FUN_005a0ca8	0x0	1		yes		constructor	FUN_00f59df0	
2551	Delete Selected Groups		Global Commands	0	350	0x0	0x005a13e8	FUN_005a13e8	0x0	2		yes		constructor	FUN_00f59df0	
2552	Delete Unused Groups		Global Commands	0	351	0x0	0x005a13e8	FUN_005a13e8	0x1	2		yes		constructor	FUN_00f59df0	
2553	Select Members of Selected Groups		Global Commands	0	352	0x0	0x005a1ca8	FUN_005a1ca8	0x0	1		yes		constructor	FUN_00f59df0	
2554	Add Selected Channel Strips to Selected Groups		Global Commands	0	353	0x0	0x005a105c	FUN_005a105c	0x1	2		yes		constructor	FUN_00f59df0	
2555	Remove Selected Channel Strips from Selected Groups		Global Commands	0	354	0x0	0x005a105c	FUN_005a105c	0x0	2		yes		constructor	FUN_00f59df0	
2556	Copy Group Settings		Global Commands	0	355	0x0	0x005a2270	FUN_005a2270	0x0	1		yes		constructor	FUN_00f59df0	
2557	Paste Group Settings		Global Commands	0	356	0x0	0x005a25c8	FUN_005a25c8	0x0	1		yes		constructor	FUN_00f59df0	
3098	Define Group Settings as Default		Global Commands	0	357	0x0	0x005a2920	FUN_005a2920	0x0	1		yes		constructor	FUN_00f59df0	
968	Select Members of Group 1		Global Commands	0	358	0x0	0x005a2064	FUN_005a2064	0x0	64		yes		constructor	FUN_00f59df0	
969	Select Members of Group 2		Global Commands	0	359	0x0	0x005a2064	FUN_005a2064	0x1	64		yes		constructor	FUN_00f59df0	
970	Select Members of Group 3		Global Commands	0	360	0x0	0x005a2064	FUN_005a2064	0x2	64		yes		constructor	FUN_00f59df0	
971	Select Members of Group 4		Global Commands	0	361	0x0	0x005a2064	FUN_005a2064	0x3	64		yes		constructor	FUN_00f59df0	
972	Select Members of Group 5		Global Commands	0	362	0x0	0x005a2064	FUN_005a2064	0x4	64		yes		constructor	FUN_00f59df0	
973	Select Members of Group 6		Global Commands	0	363	0x0	0x005a2064	FUN_005a2064	0x5	64		yes		constructor	FUN_00f59df0	
974	Select Members of Group 7		Global Commands	0	364	0x0	0x005a2064	FUN_005a2064	0x6	64		yes		constructor	FUN_00f59df0	
975	Select Members of Group 8		Global Commands	0	365	0x0	0x005a2064	FUN_005a2064	0x7	64		yes		constructor	FUN_00f59df0	
976	Select Members of Group 9		Global Commands	0	366	0x0	0x005a2064	FUN_005a2064	0x8	64		yes		constructor	FUN_00f59df0	
977	Select Members of Group 10		Global Commands	0	367	0x0	0x005a2064	FUN_005a2064	0x9	64		yes		constructor	FUN_00f59df0	
978	Select Members of Group 11		Global Commands	0	368	0x0	0x005a2064	FUN_005a2064	0xa	64		yes		constructor	FUN_00f59df0	
979	Select Members of Group 12		Global Commands	0	369	0x0	0x005a2064	FUN_005a2064	0xb	64		yes		constructor	FUN_00f59df0	
980	Select Members of Group 13		Global Commands	0	370	0x0	0x005a2064	FUN_005a2064	0xc	64		yes		constructor	FUN_00f59df0	
981	Select Members of Group 14		Global Commands	0	371	0x0	0x005a2064	FUN_005a2064	0xd	64		yes		constructor	FUN_00f59df0	
982	Select Members of Group 15		Global Commands	0	372	0x0	0x005a2064	FUN_005a2064	0xe	64		yes		constructor	FUN_00f59df0	
983	Select Members of Group 16		Global Commands	0	373	0x0	0x005a2064	FUN_005a2064	0xf	64		yes		constructor	FUN_00f59df0	
984	Select Members of Group 17		Global Commands	0	374	0x0	0x005a2064	FUN_005a2064	0x10	64		yes		constructor	FUN_00f59df0	
985	Select Members of Group 18		Global Commands	0	375	0x0	0x005a2064	FUN_005a2064	0x11	64		yes		constructor	FUN_00f59df0	
986	Select Members of Group 19		Global Commands	0	376	0x0	0x005a2064	FUN_005a2064	0x12	64		yes		constructor	FUN_00f59df0	
987	Select Members of Group 20		Global Commands	0	377	0x0	0x005a2064	FUN_005a2064	0x13	64		yes		constructor	FUN_00f59df0	
988	Select Members of Group 21		Global Commands	0	378	0x0	0x005a2064	FUN_005a2064	0x14	64		yes		constructor	FUN_00f59df0	
989	Select Members of Group 22		Global Commands	0	379	0x0	0x005a2064	FUN_005a2064	0x15	64		yes		constructor	FUN_00f59df0	
990	Select Members of Group 23		Global Commands	0	380	0x0	0x005a2064	FUN_005a2064	0x16	64		yes		constructor	FUN_00f59df0	
991	Select Members of Group 24		Global Commands	0	381	0x0	0x005a2064	FUN_005a2064	0x17	64		yes		constructor	FUN_00f59df0	
992	Select Members of Group 25		Global Commands	0	382	0x0	0x005a2064	FUN_005a2064	0x18	64		yes		constructor	FUN_00f59df0	
993	Select Members of Group 26		Global Commands	0	383	0x0	0x005a2064	FUN_005a2064	0x19	64		yes		constructor	FUN_00f59df0	
994	Select Members of Group 27		Global Commands	0	384	0x0	0x005a2064	FUN_005a2064	0x1a	64		yes		constructor	FUN_00f59df0	
995	Select Members of Group 28		Global Commands	0	385	0x0	0x005a2064	FUN_005a2064	0x1b	64		yes		constructor	FUN_00f59df0	
996	Select Members of Group 29		Global Commands	0	386	0x0	0x005a2064	FUN_005a2064	0x1c	64		yes		constructor	FUN_00f59df0	
997	Select Members of Group 30		Global Commands	0	387	0x0	0x005a2064	FUN_005a2064	0x1d	64		yes		constructor	FUN_00f59df0	
998	Select Members of Group 31		Global Commands	0	388	0x0	0x005a2064	FUN_005a2064	0x1e	64		yes		constructor	FUN_00f59df0	
999	Select Members of Group 32		Global Commands	0	389	0x0	0x005a2064	FUN_005a2064	0x1f	64		yes		constructor	FUN_00f59df0	
3100	Select Members of Group 33		Global Commands	0	390	0x0	0x005a2064	FUN_005a2064	0x20	64		yes		constructor	FUN_00f59df0	
3101	Select Members of Group 34		Global Commands	0	391	0x0	0x005a2064	FUN_005a2064	0x21	64		yes		constructor	FUN_00f59df0	
3102	Select Members of Group 35		Global Commands	0	392	0x0	0x005a2064	FUN_005a2064	0x22	64		yes		constructor	FUN_00f59df0	
3103	Select Members of Group 36		Global Commands	0	393	0x0	0x005a2064	FUN_005a2064	0x23	64		yes		constructor	FUN_00f59df0	
3104	Select Members of Group 37		Global Commands	0	394	0x0	0x005a2064	FUN_005a2064	0x24	64		yes		constructor	FUN_00f59df0	
3105	Select Members of Group 38		Global Commands	0	395	0x0	0x005a2064	FUN_005a2064	0x25	64		yes		constructor	FUN_00f59df0	
3106	Select Members of Group 39		Global Commands	0	396	0x0	0x005a2064	FUN_005a2064	0x26	64		yes		constructor	FUN_00f59df0	
3107	Select Members of Group 40		Global Commands	0	397	0x0	0x005a2064	FUN_005a2064	0x27	64		yes		constructor	FUN_00f59df0	
3108	Select Members of Group 41		Global Commands	0	398	0x0	0x005a2064	FUN_005a2064	0x28	64		yes		constructor	FUN_00f59df0	
3109	Select Members of Group 42		Global Commands	0	399	0x0	0x005a2064	FUN_005a2064	0x29	64		yes		constructor	FUN_00f59df0	
3110	Select Members of Group 43		Global Commands	0	400	0x0	0x005a2064	FUN_005a2064	0x2a	64		yes		constructor	FUN_00f59df0	
3111	Select Members of Group 44		Global Commands	0	401	0x0	0x005a2064	FUN_005a2064	0x2b	64		yes		constructor	FUN_00f59df0	
3112	Select Members of Group 45		Global Commands	0	402	0x0	0x005a2064	FUN_005a2064	0x2c	64		yes		constructor	FUN_00f59df0	
3113	Select Members of Group 46		Global Commands	0	403	0x0	0x005a2064	FUN_005a2064	0x2d	64		yes		constructor	FUN_00f59df0	
3114	Select Members of Group 47		Global Commands	0	404	0x0	0x005a2064	FUN_005a2064	0x2e	64		yes		constructor	FUN_00f59df0	
3115	Select Members of Group 48		Global Commands	0	405	0x0	0x005a2064	FUN_005a2064	0x2f	64		yes		constructor	FUN_00f59df0	
3116	Select Members of Group 49		Global Commands	0	406	0x0	0x005a2064	FUN_005a2064	0x30	64		yes		constructor	FUN_00f59df0	
3117	Select Members of Group 50		Global Commands	0	407	0x0	0x005a2064	FUN_005a2064	0x31	64		yes		constructor	FUN_00f59df0	
3118	Select Members of Group 51		Global Commands	0	408	0x0	0x005a2064	FUN_005a2064	0x32	64		yes		constructor	FUN_00f59df0	
3119	Select Members of Group 52		Global Commands	0	409	0x0	0x005a2064	FUN_005a2064	0x33	64		yes		constructor	FUN_00f59df0	
3120	Select Members of Group 53		Global Commands	0	410	0x0	0x005a2064	FUN_005a2064	0x34	64		yes		constructor	FUN_00f59df0	
3121	Select Members of Group 54		Global Commands	0	411	0x0	0x005a2064	FUN_005a2064	0x35	64		yes		constructor	FUN_00f59df0	
3122	Select Members of Group 55		Global Commands	0	412	0x0	0x005a2064	FUN_005a2064	0x36	64		yes		constructor	FUN_00f59df0	
3123	Select Members of Group 56		Global Commands	0	413	0x0	0x005a2064	FUN_005a2064	0x37	64		yes		constructor	FUN_00f59df0	
3124	Select Members of Group 57		Global Commands	0	414	0x0	0x005a2064	FUN_005a2064	0x38	64		yes		constructor	FUN_00f59df0	
3125	Select Members of Group 58		Global Commands	0	415	0x0	0x005a2064	FUN_005a2064	0x39	64		yes		constructor	FUN_00f59df0	
3126	Select Members of Group 59		Global Commands	0	416	0x0	0x005a2064	FUN_005a2064	0x3a	64		yes		constructor	FUN_00f59df0	
3127	Select Members of Group 60		Global Commands	0	417	0x0	0x005a2064	FUN_005a2064	0x3b	64		yes		constructor	FUN_00f59df0	
3128	Select Members of Group 61		Global Commands	0	418	0x0	0x005a2064	FUN_005a2064	0x3c	64		yes		constructor	FUN_00f59df0	
3129	Select Members of Group 62		Global Commands	0	419	0x0	0x005a2064	FUN_005a2064	0x3d	64		yes		constructor	FUN_00f59df0	
3130	Select Members of Group 63		Global Commands	0	420	0x0	0x005a2064	FUN_005a2064	0x3e	64		yes		constructor	FUN_00f59df0	
3131	Select Members of Group 64		Global Commands	0	421	0x0	0x005a2064	FUN_005a2064	0x3f	64		yes		constructor	FUN_00f59df0	
1776	Toggle Hide Group 1		Global Commands	0	422	0x0	0x005a2c78	FUN_005a2c78	0x0	64		yes		constructor	FUN_00f59df0	
1777	Toggle Hide Group 2		Global Commands	0	423	0x0	0x005a2c78	FUN_005a2c78	0x1	64		yes		constructor	FUN_00f59df0	
1778	Toggle Hide Group 3		Global Commands	0	424	0x0	0x005a2c78	FUN_005a2c78	0x2	64		yes		constructor	FUN_00f59df0	
1779	Toggle Hide Group 4		Global Commands	0	425	0x0	0x005a2c78	FUN_005a2c78	0x3	64		yes		constructor	FUN_00f59df0	
1780	Toggle Hide Group 5		Global Commands	0	426	0x0	0x005a2c78	FUN_005a2c78	0x4	64		yes		constructor	FUN_00f59df0	
1781	Toggle Hide Group 6		Global Commands	0	427	0x0	0x005a2c78	FUN_005a2c78	0x5	64		yes		constructor	FUN_00f59df0	
1782	Toggle Hide Group 7		Global Commands	0	428	0x0	0x005a2c78	FUN_005a2c78	0x6	64		yes		constructor	FUN_00f59df0	
1783	Toggle Hide Group 8		Global Commands	0	429	0x0	0x005a2c78	FUN_005a2c78	0x7	64		yes		constructor	FUN_00f59df0	
1784	Toggle Hide Group 9		Global Commands	0	430	0x0	0x005a2c78	FUN_005a2c78	0x8	64		yes		constructor	FUN_00f59df0	
2373	Toggle Hide Group 10		Global Commands	0	431	0x0	0x005a2c78	FUN_005a2c78	0x9	64		yes		constructor	FUN_00f59df0	
2374	Toggle Hide Group 11		Global Commands	0	432	0x0	0x005a2c78	FUN_005a2c78	0xa	64		yes		constructor	FUN_00f59df0	
2375	Toggle Hide Group 12		Global Commands	0	433	0x0	0x005a2c78	FUN_005a2c78	0xb	64		yes		constructor	FUN_00f59df0	
2376	Toggle Hide Group 13		Global Commands	0	434	0x0	0x005a2c78	FUN_005a2c78	0xc	64		yes		constructor	FUN_00f59df0	
2377	Toggle Hide Group 14		Global Commands	0	435	0x0	0x005a2c78	FUN_005a2c78	0xd	64		yes		constructor	FUN_00f59df0	
2378	Toggle Hide Group 15		Global Commands	0	436	0x0	0x005a2c78	FUN_005a2c78	0xe	64		yes		constructor	FUN_00f59df0	
2379	Toggle Hide Group 16		Global Commands	0	437	0x0	0x005a2c78	FUN_005a2c78	0xf	64		yes		constructor	FUN_00f59df0	
2380	Toggle Hide Group 17		Global Commands	0	438	0x0	0x005a2c78	FUN_005a2c78	0x10	64		yes		constructor	FUN_00f59df0	
2381	Toggle Hide Group 18		Global Commands	0	439	0x0	0x005a2c78	FUN_005a2c78	0x11	64		yes		constructor	FUN_00f59df0	
2382	Toggle Hide Group 19		Global Commands	0	440	0x0	0x005a2c78	FUN_005a2c78	0x12	64		yes		constructor	FUN_00f59df0	
2383	Toggle Hide Group 20		Global Commands	0	441	0x0	0x005a2c78	FUN_005a2c78	0x13	64		yes		constructor	FUN_00f59df0	
2384	Toggle Hide Group 21		Global Commands	0	442	0x0	0x005a2c78	FUN_005a2c78	0x14	64		yes		constructor	FUN_00f59df0	
2385	Toggle Hide Group 22		Global Commands	0	443	0x0	0x005a2c78	FUN_005a2c78	0x15	64		yes		constructor	FUN_00f59df0	
2386	Toggle Hide Group 23		Global Commands	0	444	0x0	0x005a2c78	FUN_005a2c78	0x16	64		yes		constructor	FUN_00f59df0	
2387	Toggle Hide Group 24		Global Commands	0	445	0x0	0x005a2c78	FUN_005a2c78	0x17	64		yes		constructor	FUN_00f59df0	
2388	Toggle Hide Group 25		Global Commands	0	446	0x0	0x005a2c78	FUN_005a2c78	0x18	64		yes		constructor	FUN_00f59df0	
2389	Toggle Hide Group 26		Global Commands	0	447	0x0	0x005a2c78	FUN_005a2c78	0x19	64		yes		constructor	FUN_00f59df0	
2390	Toggle Hide Group 27		Global Commands	0	448	0x0	0x005a2c78	FUN_005a2c78	0x1a	64		yes		constructor	FUN_00f59df0	
2391	Toggle Hide Group 28		Global Commands	0	449	0x0	0x005a2c78	FUN_005a2c78	0x1b	64		yes		constructor	FUN_00f59df0	
2392	Toggle Hide Group 29		Global Commands	0	450	0x0	0x005a2c78	FUN_005a2c78	0x1c	64		yes		constructor	FUN_00f59df0	
2393	Toggle Hide Group 30		Global Commands	0	451	0x0	0x005a2c78	FUN_005a2c78	0x1d	64		yes		constructor	FUN_00f59df0	
2394	Toggle Hide Group 31		Global Commands	0	452	0x0	0x005a2c78	FUN_005a2c78	0x1e	64		yes		constructor	FUN_00f59df0	
2395	Toggle Hide Group 32		Global Commands	0	453	0x0	0x005a2c78	FUN_005a2c78	0x1f	64		yes		constructor	FUN_00f59df0	
3000	Toggle Hide Group 33		Global Commands	0	454	0x0	0x005a2c78	FUN_005a2c78	0x20	64		yes		constructor	FUN_00f59df0	
3001	Toggle Hide Group 34		Global Commands	0	455	0x0	0x005a2c78	FUN_005a2c78	0x21	64		yes		constructor	FUN_00f59df0	
3002	Toggle Hide Group 35		Global Commands	0	456	0x0	0x005a2c78	FUN_005a2c78	0x22	64		yes		constructor	FUN_00f59df0	
3003	Toggle Hide Group 36		Global Commands	0	457	0x0	0x005a2c78	FUN_005a2c78	0x23	64		yes		constructor	FUN_00f59df0	
3004	Toggle Hide Group 37		Global Commands	0	458	0x0	0x005a2c78	FUN_005a2c78	0x24	64		yes		constructor	FUN_00f59df0	
3005	Toggle Hide Group 38		Global Commands	0	459	0x0	0x005a2c78	FUN_005a2c78	0x25	64		yes		constructor	FUN_00f59df0	
3006	Toggle Hide Group 39		Global Commands	0	460	0x0	0x005a2c78	FUN_005a2c78	0x26	64		yes		constructor	FUN_00f59df0	
3007	Toggle Hide Group 40		Global Commands	0	461	0x0	0x005a2c78	FUN_005a2c78	0x27	64		yes		constructor	FUN_00f59df0	
3008	Toggle Hide Group 41		Global Commands	0	462	0x0	0x005a2c78	FUN_005a2c78	0x28	64		yes		constructor	FUN_00f59df0	
3009	Toggle Hide Group 42		Global Commands	0	463	0x0	0x005a2c78	FUN_005a2c78	0x29	64		yes		constructor	FUN_00f59df0	
3010	Toggle Hide Group 43		Global Commands	0	464	0x0	0x005a2c78	FUN_005a2c78	0x2a	64		yes		constructor	FUN_00f59df0	
3011	Toggle Hide Group 44		Global Commands	0	465	0x0	0x005a2c78	FUN_005a2c78	0x2b	64		yes		constructor	FUN_00f59df0	
3012	Toggle Hide Group 45		Global Commands	0	466	0x0	0x005a2c78	FUN_005a2c78	0x2c	64		yes		constructor	FUN_00f59df0	
3013	Toggle Hide Group 46		Global Commands	0	467	0x0	0x005a2c78	FUN_005a2c78	0x2d	64		yes		constructor	FUN_00f59df0	
3014	Toggle Hide Group 47		Global Commands	0	468	0x0	0x005a2c78	FUN_005a2c78	0x2e	64		yes		constructor	FUN_00f59df0	
3015	Toggle Hide Group 48		Global Commands	0	469	0x0	0x005a2c78	FUN_005a2c78	0x2f	64		yes		constructor	FUN_00f59df0	
3016	Toggle Hide Group 49		Global Commands	0	470	0x0	0x005a2c78	FUN_005a2c78	0x30	64		yes		constructor	FUN_00f59df0	
3017	Toggle Hide Group 50		Global Commands	0	471	0x0	0x005a2c78	FUN_005a2c78	0x31	64		yes		constructor	FUN_00f59df0	
3018	Toggle Hide Group 51		Global Commands	0	472	0x0	0x005a2c78	FUN_005a2c78	0x32	64		yes		constructor	FUN_00f59df0	
3019	Toggle Hide Group 52		Global Commands	0	473	0x0	0x005a2c78	FUN_005a2c78	0x33	64		yes		constructor	FUN_00f59df0	
3020	Toggle Hide Group 53		Global Commands	0	474	0x0	0x005a2c78	FUN_005a2c78	0x34	64		yes		constructor	FUN_00f59df0	
3021	Toggle Hide Group 54		Global Commands	0	475	0x0	0x005a2c78	FUN_005a2c78	0x35	64		yes		constructor	FUN_00f59df0	
3022	Toggle Hide Group 55		Global Commands	0	476	0x0	0x005a2c78	FUN_005a2c78	0x36	64		yes		constructor	FUN_00f59df0	
3023	Toggle Hide Group 56		Global Commands	0	477	0x0	0x005a2c78	FUN_005a2c78	0x37	64		yes		constructor	FUN_00f59df0	
3024	Toggle Hide Group 57		Global Commands	0	478	0x0	0x005a2c78	FUN_005a2c78	0x38	64		yes		constructor	FUN_00f59df0	
3025	Toggle Hide Group 58		Global Commands	0	479	0x0	0x005a2c78	FUN_005a2c78	0x39	64		yes		constructor	FUN_00f59df0	
3026	Toggle Hide Group 59		Global Commands	0	480	0x0	0x005a2c78	FUN_005a2c78	0x3a	64		yes		constructor	FUN_00f59df0	
3027	Toggle Hide Group 60		Global Commands	0	481	0x0	0x005a2c78	FUN_005a2c78	0x3b	64		yes		constructor	FUN_00f59df0	
3028	Toggle Hide Group 61		Global Commands	0	482	0x0	0x005a2c78	FUN_005a2c78	0x3c	64		yes		constructor	FUN_00f59df0	
3029	Toggle Hide Group 62		Global Commands	0	483	0x0	0x005a2c78	FUN_005a2c78	0x3d	64		yes		constructor	FUN_00f59df0	
3030	Toggle Hide Group 63		Global Commands	0	484	0x0	0x005a2c78	FUN_005a2c78	0x3e	64		yes		constructor	FUN_00f59df0	
3031	Toggle Hide Group 64		Global Commands	0	485	0x0	0x005a2c78	FUN_005a2c78	0x3f	64		yes		constructor	FUN_00f59df0	
1206	Refresh Freeze Files		Global Commands	0	486	0x0	0x003649f4	FUN_003649f4	0x0	1		yes		constructor	FUN_00f59df0	
647	Audio Hardware Setup		Global Commands	0	487	0x0	0x00263714	FUN_00263714	0x0	1		yes		constructor	FUN_00f59df0	
649	Apogee Control Panel		Global Commands	0	488	0x0	0x0027d544	FUN_0027d544	0x0	1		yes		constructor	FUN_00f59df0	
645	I/O Labels…		Global Commands	0	489	0x0	0x00d75a98	FUN_00d75a98	0x0	1		no: suppressed		constructor	FUN_00f59df0	
669	Mastering Assistant…		Global Commands	0	490	0x0	0x0027d22c	FUN_0027d22c	0x0	1		yes		constructor	FUN_00f59df0	
693	Varispeed		Global Commands	0	491	0x0	0x00f569d0	FUN_00f569d0	0x0	1		yes		constructor	FUN_00f59df0	
1189	Allow Quick Punch-in		Global Commands	0	492	0x0	0x0033cdb0	FUN_0033cdb0	0x0	1		yes		constructor	FUN_00f59df0	
694	Auto Input Monitoring		Global Commands	0	493	0x0	0x0033cc60	FUN_0033cc60	0x0	1		yes		constructor	FUN_00f59df0	
1190	Pre-Fader Metering		Global Commands	0	494	0x0	0x0027d084	FUN_0027d084	0x0	1		yes		constructor	FUN_00f59df0	
732	Clear Overload Flag in Audio Channel Display		Global Commands	0	495	0x0	0x003041a0	FUN_003041a0	0x0	1		yes		constructor	FUN_00f59df0	
536	Close Project without Saving		Global Commands	0	496	0x0	0x0058c4c4	FUN_0058c4c4	0x1	2		yes		constructor	FUN_00f59df0	
529	Close Window		Global Commands	0	497	0x0	0x0058c82c	FUN_0058c82c	0x0	1		yes		constructor	FUN_00f59df0	
545	Cycle Through Windows		Global Commands	0	498	0x0	0x0075a5a8	FUN_0075a5a8	0x0	2		yes		constructor	FUN_00f59df0	
799	Cycle Through Windows (counter-clockwise)		Global Commands	0	499	0x0	0x0075a5a8	FUN_0075a5a8	0x1	2		yes		constructor	FUN_00f59df0	
537	Redraw current window		Global Commands	0	500	0x0	0x00f54980	FUN_00f54980	0x0	1		yes		constructor	FUN_00f59df0	
1260	Select Regions on Track Selection		Global Commands	0	501	0x0	0x00dba7b0	FUN_00dba7b0	0x0	1		yes		constructor	FUN_00f59df0	
1298	Select Track on Region Selection		Global Commands	0	502	0x0	0x00dba870	FUN_00dba870	0x0	1		yes		constructor	FUN_00f59df0	
1272	Select Previous Track		Global Commands	0	503	0x0	0x00f55a28	FUN_00f55a28	0x0	2		yes	/cs/transport/track-	constructor	FUN_00f59df0	
1273	Select Next Track		Global Commands	0	504	0x0	0x00f55a28	FUN_00f55a28	0x1	2		yes	/cs/transport/track+	constructor	FUN_00f59df0	
1583	Select Tracks and Set Default Region/Cell Parameters by Region/Cell/Folder		Global Commands	0	505	0x0	0x00f55f10	FUN_00f55f10	0x3	3		yes		constructor	FUN_00f59df0	
1584	Select Tracks of Selected Regions/Cells/Folders		Global Commands	0	506	0x0	0x00f55f10	FUN_00f55f10	0x1	3		yes		constructor	FUN_00f59df0	
1585	Set Default Region/Cell Parameters by Region/Cell/Folder		Global Commands	0	507	0x0	0x00f55f10	FUN_00f55f10	0x2	3		yes		constructor	FUN_00f59df0	
1393	Select All Regions of Selected Tracks		Global Commands	0	508	0x0	0x00f567b0	FUN_00f567b0	0x0	1		yes		constructor	FUN_00f59df0	
2312	Hide %@		Global Commands	0	509	0x0	0x00f588f8	FUN_00f588f8	0x0	1		yes		constructor	FUN_00f59df0	
2313	Hide Others		Global Commands	0	510	0x0	0x00f58940	FUN_00f58940	0x0	1		yes		constructor	FUN_00f59df0	
760	Quit		Global Commands	0	511	0x0	0x0058ddd0	FUN_0058ddd0	0x0	1		yes		constructor	FUN_00f59df0	
785	New Empty Project		Global Commands	0	512	0x0	0x0058b59c	FUN_0058b59c	0x0	1		yes		constructor	FUN_00f59df0	
751	New from Template…		Global Commands	0	513	0x0	0x0058b65c	FUN_0058b65c	0x0	1		no: suppressed		constructor	FUN_00f59df0	
752	Open…		Global Commands	0	514	0x0	0x0058c3d4	FUN_0058c3d4	0x0	1		no: suppressed		constructor	FUN_00f59df0	
1170	Project Settings…		Global Commands	0	515	0x0	0x004f02f4	FUN_004f02f4	0x0	1		no: suppressed		constructor	FUN_00f59df0	
1171	Clean Up Project…		Global Commands	0	516	0x0	0x0058b8b8	FUN_0058b8b8	0x0	1		no: suppressed		constructor	FUN_00f59df0	
1172	Consolidate Project…		Global Commands	0	517	0x0	0x0058d7a4	FUN_0058d7a4	0x0	1		no: suppressed		constructor	FUN_00f59df0	
1173	Rename Project…		Global Commands	0	518	0x0	0x0058d0b8	FUN_0058d0b8	0x0	1		no: suppressed		constructor	FUN_00f59df0	
753	Close Project		Global Commands	0	519	0x0	0x0058c4c4	FUN_0058c4c4	0x0	2		yes		constructor	FUN_00f59df0	
754	Save		Global Commands	0	520	0x0	0x0058cac8	FUN_0058cac8	0x0	1		yes		constructor	FUN_00f59df0	
32	Save Project as…		Global Commands	0	521	0x0	0x0058cca4	FUN_0058cca4	0x0	1		no: suppressed		constructor	FUN_00f59df0	
1174	Save A Copy As…		Global Commands	0	522	0x0	0x0058d3cc	FUN_0058d3cc	0x0	1		no: suppressed		constructor	FUN_00f59df0	
2355	Save and Clean Up Project		Global Commands	0	523	0x0	0x0058cec4	FUN_0058cec4	0x0	1		yes		constructor	FUN_00f59df0	
1175	Save as Template…		Global Commands	0	524	0x0	0x0058d5c0	FUN_0058d5c0	0x0	1		no: suppressed		constructor	FUN_00f59df0	
755	Revert to Saved…		Global Commands	0	525	0x0	0x0058d98c	FUN_0058d98c	0x0	1		no: suppressed		constructor	FUN_00f59df0	
756	Page Setup…		Global Commands	0	526	0x0	0x00ce9ccc	FUN_00ce9ccc	0x0	1		no: suppressed		constructor	FUN_00f59df0	
757	Print		Global Commands	0	527	0x0	0x00ce9e48	FUN_00ce9e48	0x0	1		no: suppressed		constructor	FUN_00f59df0	
758	Import…		Global Commands	0	528	0x0	0x0058baa4	FUN_0058baa4	0x6	1		no: suppressed		constructor	FUN_00f59df0	
759	Export Selection as MIDI File…		Global Commands	0	529	0x0	0x004ef1f8	FUN_004ef1f8	0x0	2		no: suppressed		constructor	FUN_00f59df0	
1379	Export All MIDI Tracks as MIDI File…		Global Commands	0	530	0x0	0x004ef1f8	FUN_004ef1f8	0x3	2		yes		constructor	FUN_00f59df0	
1294	Export Score as MusicXML…		Global Commands	0	531	0x0	0x004efa38	FUN_004efa38	0x0	1		no: suppressed		constructor	FUN_00f59df0	
1344	Export Selection as Audio File…		Global Commands	0	532	0x0	0x00386238	FUN_00386238	0x0	1		yes		constructor	FUN_00f59df0	
1177	Export Regions as Audio Files…		Global Commands	0	533	0x0	0x00383d8c	FUN_00383d8c	0x0	3		no: suppressed		constructor	FUN_00f59df0	
1178	Export Tracks as Audio Files…		Global Commands	0	534	0x0	0x00383d8c	FUN_00383d8c	0x1	3		no: suppressed		constructor	FUN_00f59df0	
1179	Export All Tracks as Audio Files…		Global Commands	0	535	0x0	0x00383d8c	FUN_00383d8c	0x2	3		no: suppressed		constructor	FUN_00f59df0	
1182	Export Project as AAF File…		Global Commands	0	536	0x0	0x00550e30	FUN_00550e30	0x0	1		no: suppressed		constructor	FUN_00f59df0	
1183	Project to Final Cut Pro XML…		Global Commands	0	537	0x0	0x0088f6f0	FUN_0088f6f0	0x0	1		no: suppressed		constructor	FUN_00f59df0	
2527	Plug-in Undo		Global Commands	0	538	0x0	0x004b7018	FUN_004b7018	0x0	2		yes		constructor	FUN_00f59df0	
2528	Plug-in Redo		Global Commands	0	539	0x0	0x004b7018	FUN_004b7018	0x1	2		yes		constructor	FUN_00f59df0	
3040	Undo All Since Opened		Global Commands	0	540	0x0	0x005dd304	FUN_005dd304	0x0	1		yes		constructor	FUN_00f59df0	
2732	Copy Plug-In Setting		Global Commands	0	541	0x0	0x004b62e0	FUN_004b62e0	0x0	8		yes		constructor	FUN_00f59df0	
2733	Paste Plug-In Setting		Global Commands	0	542	0x0	0x004b62e0	FUN_004b62e0	0x1	8		yes		constructor	FUN_00f59df0	
2734	Load Plug-In Setting		Global Commands	0	543	0x0	0x004b62e0	FUN_004b62e0	0x3	8		yes		constructor	FUN_00f59df0	
2735	Save Plug-In Setting		Global Commands	0	544	0x0	0x004b62e0	FUN_004b62e0	0x5	8		yes		constructor	FUN_00f59df0	
2736	Save Plug-In Setting As…		Global Commands	0	545	0x0	0x004b62e0	FUN_004b62e0	0x6	8		yes		constructor	FUN_00f59df0	
2737	Save A Plug-In Setting Copy As…		Global Commands	0	546	0x0	0x004b62e0	FUN_004b62e0	0x7	8		yes		constructor	FUN_00f59df0	
2738	Save Plug-In Setting As Default		Global Commands	0	547	0x0	0x004b62e0	FUN_004b62e0	0xa	8		yes		constructor	FUN_00f59df0	
2739	Recall Plug-In Setting Default		Global Commands	0	548	0x0	0x004b62e0	FUN_004b62e0	0xb	8		yes		constructor	FUN_00f59df0	
2740	Initialize Plug-In Setting		Global Commands	0	549	0x0	0x004b5170	FUN_004b5170	0x0	1		yes		constructor	FUN_00f59df0	
2741	Delete Plug-In Setting		Global Commands	0	550	0x0	0x004b5ad0	FUN_004b5ad0	0x0	1		yes		constructor	FUN_00f59df0	
2742	Enable Plug-In Setting Search Filter		Global Commands	0	551	0x0	0x004b4c1c	FUN_004b4c1c	0x9	2		yes		constructor	FUN_00f59df0	
2743	Plug-In Setting Search Filter…		Global Commands	0	552	0x0	0x004b4c1c	FUN_004b4c1c	0x8	2		yes		constructor	FUN_00f59df0	
2315	Cycle Through Window Views		Global Commands	0	553	0x0	0x00f58988	FUN_00f58988	0x0	2		yes		constructor	FUN_00f59df0	
2316	Cycle Through Window Views (counter-clockwise)		Global Commands	0	554	0x0	0x00f58988	FUN_00f58988	0x1	2		yes		constructor	FUN_00f59df0	
1252	Minimize Window		Global Commands	0	555	0x0	0x0075a220	FUN_0075a220	0x0	1		yes		constructor	FUN_00f59df0	
2314	Minimize All Windows		Global Commands	0	556	0x0	0x0075a34c	FUN_0075a34c	0x0	1		yes		constructor	FUN_00f59df0	
772	Zoom Window		Global Commands	0	557	0x0	0x00bec1b8	FUN_00bec1b8	0x0	1		yes		constructor	FUN_00f59df0	
1056	Next Plug-in Setting for topmost Plug-in Window		Global Commands	0	558	0x0	0x004b7a5c	FUN_004b7a5c	0x0	11		yes		constructor	FUN_00f59df0	
1057	Previous Plug-in Setting for topmost Plug-in Window		Global Commands	0	559	0x0	0x004b7a5c	FUN_004b7a5c	0x1	11		yes		constructor	FUN_00f59df0	
1048	Next Plug-in Setting		Global Commands	0	560	0x0	0x004b7a5c	FUN_004b7a5c	0x2	11		yes		constructor	FUN_00f59df0	
1049	Previous Plug-in Setting		Global Commands	0	561	0x0	0x004b7a5c	FUN_004b7a5c	0x3	11		yes		constructor	FUN_00f59df0	
1050	Next Sampler Instrument		Global Commands	0	562	0x0	0x004b7a5c	FUN_004b7a5c	0x4	11		yes		constructor	FUN_00f59df0	
1051	Previous Sampler Instrument		Global Commands	0	563	0x0	0x004b7a5c	FUN_004b7a5c	0x5	11		yes		constructor	FUN_00f59df0	
1210	Next Plug-in Setting or Sampler Instrument		Global Commands	0	564	0x0	0x004b7a5c	FUN_004b7a5c	0x6	11		yes		constructor	FUN_00f59df0	
1211	Previous Plug-in Setting or Sampler Instrument		Global Commands	0	565	0x0	0x004b7a5c	FUN_004b7a5c	0x7	11		yes		constructor	FUN_00f59df0	
1214	Next Channel Strip Setting of focused Track		Global Commands	0	566	0x0	0x002c798c	FUN_002c798c	0x6e435354	15		yes		constructor	FUN_00f59df0	
1215	Previous Channel Strip Setting of focused Track		Global Commands	0	567	0x0	0x002c798c	FUN_002c798c	0x70435354	15		yes		constructor	FUN_00f59df0	
1216	Copy Channel Strip Setting		Global Commands	0	568	0x0	0x002c798c	FUN_002c798c	0x43435354	15		yes		constructor	FUN_00f59df0	
1217	Paste Channel Strip Setting		Global Commands	0	569	0x0	0x002c798c	FUN_002c798c	0x50435354	15		yes		constructor	FUN_00f59df0	
1243	Paste Channel Strip Setting Plug-ins Only		Global Commands	0	570	0x0	0x002c798c	FUN_002c798c	0x43435350	15		yes		constructor	FUN_00f59df0	
1242	Paste Channel Strip Setting Sends Only		Global Commands	0	571	0x0	0x002c798c	FUN_002c798c	0x43435353	15		yes		constructor	FUN_00f59df0	
1228	Reset Channel Strip Setting		Global Commands	0	572	0x0	0x002c798c	FUN_002c798c	0x52435354	15		yes		constructor	FUN_00f59df0	
1244	Remove Empty Insert Slots		Global Commands	0	573	0x0	0x002c798c	FUN_002c798c	0x52454953	15		yes		constructor	FUN_00f59df0	
1245	Remove Bypassed Plug-ins		Global Commands	0	574	0x0	0x002c798c	FUN_002c798c	0x52425049	15		yes		constructor	FUN_00f59df0	
1246	Remove All Effect Plug-ins		Global Commands	0	575	0x0	0x002c798c	FUN_002c798c	0x52414658	15		yes		constructor	FUN_00f59df0	
1247	Remove All Sends		Global Commands	0	576	0x0	0x002c798c	FUN_002c798c	0x52415345	15		yes		constructor	FUN_00f59df0	
1248	Bypass All Effect Plug-ins		Global Commands	0	577	0x0	0x002c798c	FUN_002c798c	0x42704658	15		yes		constructor	FUN_00f59df0	
1218	Save Channel Strip Setting as…		Global Commands	0	578	0x0	0x002c798c	FUN_002c798c	0x53435354	15		no: suppressed		constructor	FUN_00f59df0	
1223	Save as Performance…		Global Commands	0	579	0x0	0x002c798c	FUN_002c798c	0x53505246	15		no: suppressed		constructor	FUN_00f59df0	
1229	Delete Channel Strip Setting		Global Commands	0	580	0x0	0x002c798c	FUN_002c798c	0x44435354	15		yes		constructor	FUN_00f59df0	
1212	Next Patch, Plug-in Setting or Sampler Instrument		Global Commands	0	581	0x0	0x004b7a5c	FUN_004b7a5c	0x8	11		yes		constructor	FUN_00f59df0	
1213	Previous Patch, Plug-in Setting or Sampler Instrument		Global Commands	0	582	0x0	0x004b7a5c	FUN_004b7a5c	0x9	11		yes		constructor	FUN_00f59df0	
1238	Next Patch in Library (Not to be localized)		Global Commands	0	583	0x0	0x004b7a5c	FUN_004b7a5c	0xa	11		yes		constructor	FUN_00f59df0	
1231	Toggle Channel Strip Mute		Global Commands	0	584	0x0	0x00f626bc	FUN_00f626bc	0x0	1		yes		constructor	FUN_00f59df0	
1232	Toggle Channel Strip Solo		Global Commands	0	585	0x0	0x00f627c4	FUN_00f627c4	0x0	1		yes		constructor	FUN_00f59df0	
1233	Toggle Channel Strip Record Enable		Global Commands	0	586	0x0	0x00f628cc	FUN_00f628cc	0x0	1		yes		constructor	FUN_00f59df0	
1234	Toggle Channel Strip Input Monitoring		Global Commands	0	587	0x0	0x00f629dc	FUN_00f629dc	0x0	1		yes		constructor	FUN_00f59df0	
1235	Toggle Channel Strip Format (mono/stereo)		Global Commands	0	588	0x0	0x00f62ae4	FUN_00f62ae4	0x0	1		yes		constructor	FUN_00f59df0	
1237	Channel Strip Arpeggiator		Global Commands	0	589	0x0	0x00f62bf4	FUN_00f62bf4	0x0	1		yes		constructor	FUN_00f59df0	
1219	Set Plug-in Latency Compensation Mode		Global Commands	0	590	0x0	0x00f59994	FUN_00f59994	0x0	1		yes		constructor	FUN_00f59df0	
1209	Low Latency Monitoring Mode		Global Commands	0	591	0x0	0x00f59b44	FUN_00f59b44	0x0	1		yes		constructor	FUN_00f59df0	
1227	Software Monitoring		Global Commands	0	592	0x0	0x00f59c68	FUN_00f59c68	0x0	1		yes		constructor	FUN_00f59df0	
1255	Show/Hide All Plug-in Windows		Global Commands	0	593	0x0	0x00f54edc	FUN_00f54edc	0x0	1		yes		constructor	FUN_00f59df0	
1366	Close All Plug-in Windows		Global Commands	0	594	0x0	0x00f55168	FUN_00f55168	0x0	1		yes		constructor	FUN_00f59df0	
2397	Open/Close Instrument Plug-in Window of focused Track		Global Commands	0	595	0x0	0x00f5548c	FUN_00f5548c	0x0	1		yes		constructor	FUN_00f59df0	
2454	Open/Close Audio Insert 1 Plug-in Window of focused Track		Global Commands	0	596	0x0	0x00f55750	FUN_00f55750	0x0	30		yes		constructor	FUN_00f59df0	
2455	Open/Close Audio Insert 2 Plug-in Window of focused Track		Global Commands	0	597	0x0	0x00f55750	FUN_00f55750	0x1	30		yes		constructor	FUN_00f59df0	
2456	Open/Close Audio Insert 3 Plug-in Window of focused Track		Global Commands	0	598	0x0	0x00f55750	FUN_00f55750	0x2	30		yes		constructor	FUN_00f59df0	
2457	Open/Close Audio Insert 4 Plug-in Window of focused Track		Global Commands	0	599	0x0	0x00f55750	FUN_00f55750	0x3	30		yes		constructor	FUN_00f59df0	
2458	Open/Close Audio Insert 5 Plug-in Window of focused Track		Global Commands	0	600	0x0	0x00f55750	FUN_00f55750	0x4	30		yes		constructor	FUN_00f59df0	
2459	Open/Close Audio Insert 6 Plug-in Window of focused Track		Global Commands	0	601	0x0	0x00f55750	FUN_00f55750	0x5	30		yes		constructor	FUN_00f59df0	
2460	Open/Close Audio Insert 7 Plug-in Window of focused Track		Global Commands	0	602	0x0	0x00f55750	FUN_00f55750	0x6	30		yes		constructor	FUN_00f59df0	
2461	Open/Close Audio Insert 8 Plug-in Window of focused Track		Global Commands	0	603	0x0	0x00f55750	FUN_00f55750	0x7	30		yes		constructor	FUN_00f59df0	
2462	Open/Close Audio Insert 9 Plug-in Window of focused Track		Global Commands	0	604	0x0	0x00f55750	FUN_00f55750	0x8	30		yes		constructor	FUN_00f59df0	
2463	Open/Close Audio Insert 10 Plug-in Window of focused Track		Global Commands	0	605	0x0	0x00f55750	FUN_00f55750	0x9	30		yes		constructor	FUN_00f59df0	
2464	Open/Close Audio Insert 11 Plug-in Window of focused Track		Global Commands	0	606	0x0	0x00f55750	FUN_00f55750	0xa	30		yes		constructor	FUN_00f59df0	
2465	Open/Close Audio Insert 12 Plug-in Window of focused Track		Global Commands	0	607	0x0	0x00f55750	FUN_00f55750	0xb	30		yes		constructor	FUN_00f59df0	
2466	Open/Close Audio Insert 13 Plug-in Window of focused Track		Global Commands	0	608	0x0	0x00f55750	FUN_00f55750	0xc	30		yes		constructor	FUN_00f59df0	
2467	Open/Close Audio Insert 14 Plug-in Window of focused Track		Global Commands	0	609	0x0	0x00f55750	FUN_00f55750	0xd	30		yes		constructor	FUN_00f59df0	
2468	Open/Close Audio Insert 15 Plug-in Window of focused Track		Global Commands	0	610	0x0	0x00f55750	FUN_00f55750	0xe	30		yes		constructor	FUN_00f59df0	
2469	Open/Close MIDI Insert 1 Plug-in Window of focused Track		Global Commands	0	611	0x0	0x00f55750	FUN_00f55750	0x64	30		yes		constructor	FUN_00f59df0	
2470	Open/Close MIDI Insert 2 Plug-in Window of focused Track		Global Commands	0	612	0x0	0x00f55750	FUN_00f55750	0x65	30		yes		constructor	FUN_00f59df0	
2471	Open/Close MIDI Insert 3 Plug-in Window of focused Track		Global Commands	0	613	0x0	0x00f55750	FUN_00f55750	0x66	30		yes		constructor	FUN_00f59df0	
2472	Open/Close MIDI Insert 4 Plug-in Window of focused Track		Global Commands	0	614	0x0	0x00f55750	FUN_00f55750	0x67	30		yes		constructor	FUN_00f59df0	
2473	Open/Close MIDI Insert 5 Plug-in Window of focused Track		Global Commands	0	615	0x0	0x00f55750	FUN_00f55750	0x68	30		yes		constructor	FUN_00f59df0	
2474	Open/Close MIDI Insert 6 Plug-in Window of focused Track		Global Commands	0	616	0x0	0x00f55750	FUN_00f55750	0x69	30		yes		constructor	FUN_00f59df0	
2475	Open/Close MIDI Insert 7 Plug-in Window of focused Track		Global Commands	0	617	0x0	0x00f55750	FUN_00f55750	0x6a	30		yes		constructor	FUN_00f59df0	
2476	Open/Close MIDI Insert 8 Plug-in Window of focused Track		Global Commands	0	618	0x0	0x00f55750	FUN_00f55750	0x6b	30		yes		constructor	FUN_00f59df0	
2477	Open/Close MIDI Insert 9 Plug-in Window of focused Track		Global Commands	0	619	0x0	0x00f55750	FUN_00f55750	0x6c	30		yes		constructor	FUN_00f59df0	
2478	Open/Close MIDI Insert 10 Plug-in Window of focused Track		Global Commands	0	620	0x0	0x00f55750	FUN_00f55750	0x6d	30		yes		constructor	FUN_00f59df0	
2479	Open/Close MIDI Insert 11 Plug-in Window of focused Track		Global Commands	0	621	0x0	0x00f55750	FUN_00f55750	0x6e	30		yes		constructor	FUN_00f59df0	
2480	Open/Close MIDI Insert 12 Plug-in Window of focused Track		Global Commands	0	622	0x0	0x00f55750	FUN_00f55750	0x6f	30		yes		constructor	FUN_00f59df0	
2481	Open/Close MIDI Insert 13 Plug-in Window of focused Track		Global Commands	0	623	0x0	0x00f55750	FUN_00f55750	0x70	30		yes		constructor	FUN_00f59df0	
2482	Open/Close MIDI Insert 14 Plug-in Window of focused Track		Global Commands	0	624	0x0	0x00f55750	FUN_00f55750	0x71	30		yes		constructor	FUN_00f59df0	
2483	Open/Close MIDI Insert 15 Plug-in Window of focused Track		Global Commands	0	625	0x0	0x00f55750	FUN_00f55750	0x72	30		yes		constructor	FUN_00f59df0	
1207	Project Information…		Global Commands	0	626	0x0	0x00f5821c	FUN_00f5821c	0x0	1		no: suppressed		constructor	FUN_00f59df0	
1327	Use Musical Grid		Global Commands	0	627	0x0	0x00f5851c	FUN_00f5851c	0x0	1		yes		constructor	FUN_00f59df0	
1354	Toggle Smart Tempo Mode (Keep/Adapt)		Global Commands	0	628	0x0	0x00f58ac4	FUN_00f58ac4	0x0	1		yes		constructor	FUN_00f59df0	
1357	Set Smart Tempo Mode to Keep		Global Commands	0	629	0x0	0x00f62cfc	FUN_00f62cfc	0x2	3		yes		constructor	FUN_00f59df0	
1358	Set Smart Tempo Mode to Adapt		Global Commands	0	630	0x0	0x00f62cfc	FUN_00f62cfc	0x1	3		yes		constructor	FUN_00f59df0	
1356	Set Smart Tempo Mode to Automatic		Global Commands	0	631	0x0	0x00f62cfc	FUN_00f62cfc	0x0	3		yes		constructor	FUN_00f59df0	
1369	Free Tempo Recording		Global Commands	0	632	0x0	0x00f62fbc	FUN_00f62fbc	0x0	1		yes		constructor	FUN_00f59df0	
337	Set Nudge Value to Bar		Global Commands	0	633	0x0	0x005fb7f0	FUN_005fb7f0	0x3	26		yes		constructor	FUN_00f59df0	
336	Set Nudge Value to Beat		Global Commands	0	634	0x0	0x005fb7f0	FUN_005fb7f0	0x2	26		yes		constructor	FUN_00f59df0	
335	Set Nudge Value to Division		Global Commands	0	635	0x0	0x005fb7f0	FUN_005fb7f0	0x1	26		yes		constructor	FUN_00f59df0	
2293	Set Nudge Value to 10 Ticks		Global Commands	0	636	0x0	0x005fb7f0	FUN_005fb7f0	0x18	26		yes		constructor	FUN_00f59df0	
334	Set Nudge Value to Tick		Global Commands	0	637	0x0	0x005fb7f0	FUN_005fb7f0	0x0	26		yes		constructor	FUN_00f59df0	
2294	Set Nudge Value to Step Input		Global Commands	0	638	0x0	0x005fb7f0	FUN_005fb7f0	0x19	26		yes		constructor	FUN_00f59df0	
2280	Set Nudge Value to 1/1 Note		Global Commands	0	639	0x0	0x005fb7f0	FUN_005fb7f0	0xb	26		yes		constructor	FUN_00f59df0	
2281	Set Nudge Value to 1/2 Note		Global Commands	0	640	0x0	0x005fb7f0	FUN_005fb7f0	0xc	26		yes		constructor	FUN_00f59df0	
2282	Set Nudge Value to 1/4 Note		Global Commands	0	641	0x0	0x005fb7f0	FUN_005fb7f0	0xd	26		yes		constructor	FUN_00f59df0	
2283	Set Nudge Value to 1/8 Note		Global Commands	0	642	0x0	0x005fb7f0	FUN_005fb7f0	0xe	26		yes		constructor	FUN_00f59df0	
2284	Set Nudge Value to 1/16 Note		Global Commands	0	643	0x0	0x005fb7f0	FUN_005fb7f0	0xf	26		yes		constructor	FUN_00f59df0	
2285	Set Nudge Value to 1/32 Note		Global Commands	0	644	0x0	0x005fb7f0	FUN_005fb7f0	0x10	26		yes		constructor	FUN_00f59df0	
2286	Set Nudge Value to 1/64 Note		Global Commands	0	645	0x0	0x005fb7f0	FUN_005fb7f0	0x11	26		yes		constructor	FUN_00f59df0	
2287	Set Nudge Value to 1/2 Triplet (1/3)		Global Commands	0	646	0x0	0x005fb7f0	FUN_005fb7f0	0x12	26		yes		constructor	FUN_00f59df0	
2288	Set Nudge Value to 1/4 Triplet (1/6)		Global Commands	0	647	0x0	0x005fb7f0	FUN_005fb7f0	0x13	26		yes		constructor	FUN_00f59df0	
2289	Set Nudge Value to 1/8 Triplet (1/12)		Global Commands	0	648	0x0	0x005fb7f0	FUN_005fb7f0	0x14	26		yes		constructor	FUN_00f59df0	
2290	Set Nudge Value to 1/16 Triplet (1/24)		Global Commands	0	649	0x0	0x005fb7f0	FUN_005fb7f0	0x15	26		yes		constructor	FUN_00f59df0	
2291	Set Nudge Value to 1/32 Triplet (1/48)		Global Commands	0	650	0x0	0x005fb7f0	FUN_005fb7f0	0x16	26		yes		constructor	FUN_00f59df0	
2292	Set Nudge Value to 1/64 Triplet (1/96)		Global Commands	0	651	0x0	0x005fb7f0	FUN_005fb7f0	0x17	26		yes		constructor	FUN_00f59df0	
1572	Set Nudge Value to 5 SMPTE Frame		Global Commands	0	652	0x0	0x005fb7f0	FUN_005fb7f0	0x7	26		yes		constructor	FUN_00f59df0	
338	Set Nudge Value to SMPTE Frame		Global Commands	0	653	0x0	0x005fb7f0	FUN_005fb7f0	0x4	26		yes		constructor	FUN_00f59df0	
339	Set Nudge Value to 0.5 SMPTE Frame		Global Commands	0	654	0x0	0x005fb7f0	FUN_005fb7f0	0x5	26		yes		constructor	FUN_00f59df0	
2227	Set Nudge Value to SMPTE Bit		Global Commands	0	655	0x0	0x005fb7f0	FUN_005fb7f0	0x8	26		yes		constructor	FUN_00f59df0	
1578	Set Nudge Value to 10 ms		Global Commands	0	656	0x0	0x005fb7f0	FUN_005fb7f0	0xa	26		yes		constructor	FUN_00f59df0	
1573	Set Nudge Value to 1 ms		Global Commands	0	657	0x0	0x005fb7f0	FUN_005fb7f0	0x9	26		yes		constructor	FUN_00f59df0	
1526	Set Nudge Value to Sample		Global Commands	0	658	0x0	0x005fb7f0	FUN_005fb7f0	0x6	26		yes		constructor	FUN_00f59df0	
964	Sustain inserted notes		Global Commands	0	659	0x0	0x0079fa4c	FUN_0079fa4c	0x0	1		yes		constructor	FUN_00f59df0	
2358	New Project Alternative…		Global Commands	0	660	0x0	0x00f58cf0	FUN_00f58cf0	0x0	1		yes		constructor	FUN_00f59df0	
2359	Edit Project Alternatives		Global Commands	0	661	0x0	0x00f58f1c	FUN_00f58f1c	0x0	1		yes		constructor	FUN_00f59df0	
2360	Export Alternative as Project…		Global Commands	0	662	0x0	0x00f59148	FUN_00f59148	0x0	1		yes		constructor	FUN_00f59df0	
2072	Mixer Undo		Global Commands	0	663	0x0	0x0142d714	FUN_0142d714	0x1	4		yes		constructor	FUN_00f59df0	
2073	Mixer Redo		Global Commands	0	664	0x0	0x0142d714	FUN_0142d714	0x3	4		yes		constructor	FUN_00f59df0	
2591	Play Previous Scene		Global Commands	0	665	0x0	0x01013898	FUN_01013898	0x2	2		yes		constructor	FUN_00f59df0	
2592	Play Next Scene		Global Commands	0	666	0x0	0x01013898	FUN_01013898	0x3	2		yes		constructor	FUN_00f59df0	
2593	Stop All Cells		Global Commands	0	667	0x0	0x01013ac8	FUN_01013ac8	0x0	1		yes		constructor	FUN_00f59df0	
1337	Toggle Activation of All Tracks		Global Commands	0	668	0x0	0x01013cd8	FUN_01013cd8	0x0	1		yes		constructor	FUN_00f59df0	
2573	Live Loops: Keep Cells Squared When Zooming		Global Commands	0	669	0x0	0x01002f14	FUN_01002f14	0x0	1		yes		constructor	FUN_00f59df0	
2575	Live Loops: Show Start Positions as Offset		Global Commands	0	670	0x0	0x010031c8	FUN_010031c8	0x0	1		yes		constructor	FUN_00f59df0	
2576	Live Loops: Show Length as Position		Global Commands	0	671	0x0	0x01003408	FUN_01003408	0x0	1		yes		constructor	FUN_00f59df0	
3042	Open Setup		Global Control Surfaces Commands	1	0	0x0	0x00ad9400	FUN_00ad9400	0xa	4		yes		constructor	FUN_00ab8d10	
3048	Open Controller Assignments		Global Control Surfaces Commands	1	1	0x0	0x00ad9400	FUN_00ad9400	0x11	4		yes		constructor	FUN_00ab8d10	
3050	Open Install		Global Control Surfaces Commands	1	2	0x0	0x00ad9400	FUN_00ad9400	0xd	4		yes		constructor	FUN_00ab8d10	
3053	Open MIDI Monitor		Global Control Surfaces Commands	1	3	0x0	0x00ad9400	FUN_00ad9400	0x10	4		yes		constructor	FUN_00ab8d10	
3087	Scan All Models		Global Control Surfaces Commands	1	4	0x0	0x00a7af74	FUN_00a7af74	0x0	1		no: suppressed		constructor	FUN_00ab8d10	
3095	Rebuild Defaults		Global Control Surfaces Commands	1	5	0x0	0x00ab8a90	FUN_00ab8a90	0x0	1		yes		constructor	FUN_00ab8d10	
3096	Learn new Controller Assignment		Global Control Surfaces Commands	1	6	0x0	0x013bdc74	FUN_013bdc74	0x0	1		yes		constructor	FUN_00ab8d10	
3097	Bypass All Control Surfaces		Global Control Surfaces Commands	1	7	0x0	0x00ab8c90	FUN_00ab8c90	0x0	1		yes		constructor	FUN_00ab8d10	
761	Undo		Various Windows	2	0	0x7f	0x004f0640	FUN_004f0640	0x0	9		yes	/undo	static array	0x022ebb18	
796	Redo		Various Windows	2	1	0x7f	0x004f0640	FUN_004f0640	0x6	9		yes	/redo	static array	0x022ebb18	
797	Undo History…		Various Windows	2	2	0x7f	0x005dd00c	FUN_005dd00c	0x0	1		no: suppressed		static array	0x022ebb18	
798	Delete Undo History		Various Windows	2	3	0x7f	0x005dc75c	FUN_005dc75c	0x1	1		yes		static array	0x022ebb18	
762	Cut		Various Windows	2	4	0x7f	0x004f0640	FUN_004f0640	0x1	9		yes		static array	0x022ebb18	
763	Copy		Various Windows	2	5	0x7f	0x004f0640	FUN_004f0640	0x2	9		yes		static array	0x022ebb18	
764	Paste		Various Windows	2	6	0x7f	0x004f0640	FUN_004f0640	0x3	9		yes		static array	0x022ebb18	
765	Delete		Various Windows	2	7	0x7f	0x004f0640	FUN_004f0640	0x4	9		yes		static array	0x022ebb18	
1292	Delete and Move		Various Windows	2	8	0x7f	0x005f7278	FUN_005f7278	0x1	1		yes		static array	0x022ebb18	
766	Select All		Various Windows	2	9	0x7f	0x004f0640	FUN_004f0640	0x5	9		yes		static array	0x022ebb18	
347	Deselect All		Various Windows	2	10	0x7f	0x004f0640	FUN_004f0640	0x7	9		yes		static array	0x022ebb18	
340	Invert Selection		Various Windows	2	11	0x7f	0x004f0640	FUN_004f0640	0x8	9		yes		static array	0x022ebb18	
40	Show Tool Menu		Various Windows	2	12	0x7f	0x00f29788	FUN_00f29788	0x0	1		yes		static array	0x022ebb18	
70	Set Next Tool or Edit Mode		Various Windows	2	13	0x7f	0x00f2b878	FUN_00f2b878	0x0	2		yes		static array	0x022ebb18	
71	Set Previous Tool or Edit Mode		Various Windows	2	14	0x7f	0x00f2b878	FUN_00f2b878	0x1	2		yes		static array	0x022ebb18	
850	Set Pointer Tool		Various Windows	2	15	0x7f	0x00f29a94	FUN_00f29a94	0x0	30		yes		static array	0x022ebb18	
857	Set Pencil Tool		Various Windows	2	16	0x7f	0x00f29a94	FUN_00f29a94	0xe	30		yes		static array	0x022ebb18	
853	Set Eraser Tool		Various Windows	2	17	0x7f	0x00f29a94	FUN_00f29a94	0x3	30		yes		static array	0x022ebb18	
851	Set Scissors Tool		Various Windows	2	18	0x7f	0x00f29a94	FUN_00f29a94	0x1	30		yes		static array	0x022ebb18	
852	Set Join Tool		Various Windows	2	19	0x7f	0x00f29a94	FUN_00f29a94	0x2	30		yes		static array	0x022ebb18	
860	Set Finger Tool		Various Windows	2	20	0x7f	0x00f29a94	FUN_00f29a94	0x13	30		yes		static array	0x022ebb18	
855	Set Text Tool		Various Windows	2	21	0x7f	0x00f29a94	FUN_00f29a94	0x8	30		yes		static array	0x022ebb18	
862	Set Zoom Tool		Various Windows	2	22	0x7f	0x00f29a94	FUN_00f29a94	0x1d	30		yes		static array	0x022ebb18	
856	Set Solo Tool		Various Windows	2	23	0x7f	0x00f29a94	FUN_00f29a94	0xc	30		yes		static array	0x022ebb18	
859	Set Mute Tool		Various Windows	2	24	0x7f	0x00f29a94	FUN_00f29a94	0x11	30		yes		static array	0x022ebb18	
867	Set Quantize Tool		Various Windows	2	25	0x7f	0x00f29a94	FUN_00f29a94	0x2a	30		yes		static array	0x022ebb18	
866	Set Velocity Tool		Various Windows	2	26	0x7f	0x00f29a94	FUN_00f29a94	0x29	30		yes		static array	0x022ebb18	
872	Set Automation Select Tool		Various Windows	2	27	0x7f	0x00f29a94	FUN_00f29a94	0x2f	30		yes		static array	0x022ebb18	
873	Set Automation Curve Tool		Various Windows	2	28	0x7f	0x00f29a94	FUN_00f29a94	0x34	30		yes		static array	0x022ebb18	
868	Set Fade Tool		Various Windows	2	29	0x7f	0x00f29a94	FUN_00f29a94	0x2b	30		yes		static array	0x022ebb18	
871	Set Marquee Tool		Various Windows	2	30	0x7f	0x00f29a94	FUN_00f29a94	0x31	30		yes		static array	0x022ebb18	
875	Set Flex Tool		Various Windows	2	31	0x7f	0x00f29a94	FUN_00f29a94	0x35	30		yes		static array	0x022ebb18	
877	Set Flex Pitch Vibrato Tool		Various Windows	2	32	0x7f	0x00f29a94	FUN_00f29a94	0x36	30		yes		static array	0x022ebb18	
878	Set Flex Pitch Velocity Tool		Various Windows	2	33	0x7f	0x00f29a94	FUN_00f29a94	0x37	30		yes		static array	0x022ebb18	
876	Set Brush Tool		Various Windows	2	34	0x7f	0x00f29a94	FUN_00f29a94	0x38	30		yes		static array	0x022ebb18	
861	Set Layout Tool		Various Windows	2	35	0x7f	0x00f29a94	FUN_00f29a94	0x1a	30		yes		static array	0x022ebb18	
864	Set Voice Separation Tool		Various Windows	2	36	0x7f	0x00f29a94	FUN_00f29a94	0x1f	30		yes		static array	0x022ebb18	
863	Set Resize Tool		Various Windows	2	37	0x7f	0x00f29a94	FUN_00f29a94	0x1e	30		yes		static array	0x022ebb18	
865	Set Camera Tool		Various Windows	2	38	0x7f	0x00f29a94	FUN_00f29a94	0x20	30		yes		static array	0x022ebb18	
858	Set Crosshair Tool		Various Windows	2	39	0x7f	0x00f29a94	FUN_00f29a94	0xf	30		yes		static array	0x022ebb18	
854	Set MIDI Thru Tool		Various Windows	2	40	0x7f	0x00f29a94	FUN_00f29a94	0x4	30		yes		static array	0x022ebb18	
2572	Set Move Tool		Various Windows	2	41	0x7f	0x00f29a94	FUN_00f29a94	0x12	30		yes		static array	0x022ebb18	
966	Set Gain Tool		Various Windows	2	42	0x7f	0x00f29a94	FUN_00f29a94	0x3a	30		yes		static array	0x022ebb18	
967	Set Slip Tool		Various Windows	2	43	0x7f	0x00f29a94	FUN_00f29a94	0x3b	30		yes		static array	0x022ebb18	
1000	Set Rotate Tool		Various Windows	2	44	0x7f	0x00f29a94	FUN_00f29a94	0x3c	30		yes		static array	0x022ebb18	
2341	Set Previously Set Tool		Various Windows	2	45	0x7f	0x00f2babc	FUN_00f2babc	0x0	1		yes		static array	0x022ebb18	
41	Zoom Horizontal Out		Various Windows	2	46	0x7f	0x00f3ab74	FUN_00f3ab74	0xffffffffffffffff	2		yes		static array	0x022ebb18	
42	Zoom Horizontal In		Various Windows	2	47	0x7f	0x00f3ab74	FUN_00f3ab74	0x1	2		yes		static array	0x022ebb18	
43	Zoom Vertical Out		Various Windows	2	48	0x7f	0x00f3aef0	FUN_00f3aef0	0xffffffffffffffff	2		yes		static array	0x022ebb18	
44	Zoom Vertical In		Various Windows	2	49	0x7f	0x00f3aef0	FUN_00f3aef0	0x1	2		yes		static array	0x022ebb18	
63	Recall Zoom 1		Various Windows	2	50	0x7f	0x00f3dadc	FUN_00f3dadc	0x0	6		yes		static array	0x022ebb18	
64	Recall Zoom 2		Various Windows	2	51	0x7f	0x00f3dadc	FUN_00f3dadc	0x1	6		yes		static array	0x022ebb18	
65	Recall Zoom 3		Various Windows	2	52	0x7f	0x00f3dadc	FUN_00f3dadc	0x2	6		yes		static array	0x022ebb18	
66	Save as Zoom 1		Various Windows	2	53	0x7f	0x00f3dadc	FUN_00f3dadc	0x3	6		yes		static array	0x022ebb18	
67	Save as Zoom 2		Various Windows	2	54	0x7f	0x00f3dadc	FUN_00f3dadc	0x4	6		yes		static array	0x022ebb18	
68	Save as Zoom 3		Various Windows	2	55	0x7f	0x00f3dadc	FUN_00f3dadc	0x5	6		yes		static array	0x022ebb18	
74	Zoom to fit Selection vertically and horizontally, store Navigation Snapshot		Various Windows	2	56	0x7f	0x00f3d318	FUN_00f3d318	0x0	9		yes		static array	0x022ebb18	
75	Zoom to fit Selection horizontally, store Navigation Snapshot		Various Windows	2	57	0x7f	0x00f3d318	FUN_00f3d318	0x1	9		yes		static array	0x022ebb18	
2226	Zoom to fit Selection vertically, store Navigation Snapshot		Various Windows	2	58	0x7f	0x00f3d318	FUN_00f3d318	0x2	9		yes		static array	0x022ebb18	
77	Zoom to fit Locators, store Navigation Snapshot		Various Windows	2	59	0x7f	0x00f3d318	FUN_00f3d318	0x3	9		yes		static array	0x022ebb18	
2211	Zoom to fit All Contents, store Navigation Snapshot		Various Windows	2	60	0x7f	0x00f3d318	FUN_00f3d318	0x4	9		yes		static array	0x022ebb18	
2225	Toggle Zoom to fit Selection or All Contents		Various Windows	2	61	0x7f	0x00f3d318	FUN_00f3d318	0x9	9		yes		static array	0x022ebb18	
79	Store Navigation Snapshot		Various Windows	2	62	0x7f	0x00f3d318	FUN_00f3d318	0x7	9		yes		static array	0x022ebb18	
78	Navigation: Back		Various Windows	2	63	0x7f	0x00f3d318	FUN_00f3d318	0x6	9		yes		static array	0x022ebb18	
76	Navigation: Forward		Various Windows	2	64	0x7f	0x00f3d318	FUN_00f3d318	0x8	9		yes		static array	0x022ebb18	
2265	Toggle Horizontal Auto Zoom		Various Windows	2	65	0x7f	0x00f29dcc	FUN_00f29dcc	0x0	1		yes		static array	0x022ebb18	
3032	Zoom to Horizontal Auto Zoom		Various Windows	2	66	0x7f	0x00f2a01c	FUN_00f2a01c	0x0	1		yes		static array	0x022ebb18	
2268	Toggle Vertical Auto Zoom		Various Windows	2	67	0x7f	0x00f2a148	FUN_00f2a148	0x0	1		yes		static array	0x022ebb18	
3033	Zoom to Vertical Auto Zoom		Various Windows	2	68	0x7f	0x00f2a328	FUN_00f2a328	0x0	1		yes		static array	0x022ebb18	
598	Toggle Zoom Focused Track or Row		Various Windows	2	69	0x7f	0x00f2a454	FUN_00f2a454	0x0	1		yes		static array	0x022ebb18	
46	Page Up#Gn1		Various Windows	2	70	0x7f	0x009f9858	FUN_009f9858	0x2	12		yes		static array	0x022ebb18	
47	Page Down#Gn2		Various Windows	2	71	0x7f	0x009f9858	FUN_009f9858	0x3	12		yes		static array	0x022ebb18	
48	Page Left#Gn3		Various Windows	2	72	0x7f	0x009f9858	FUN_009f9858	0x6	12		yes		static array	0x022ebb18	
49	Page Right#Gn4		Various Windows	2	73	0x7f	0x009f9858	FUN_009f9858	0x7	12		yes		static array	0x022ebb18	
54	1/3 Page Left		Various Windows	2	74	0x7f	0x009f9858	FUN_009f9858	0x8	12		yes		static array	0x022ebb18	
50	1/3 Page Right		Various Windows	2	75	0x7f	0x009f9858	FUN_009f9858	0x9	12		yes		static array	0x022ebb18	
73	1/8 Page Left		Various Windows	2	76	0x7f	0x009f9858	FUN_009f9858	0xa	12		yes		static array	0x022ebb18	
59	1/8 Page Right		Various Windows	2	77	0x7f	0x009f9858	FUN_009f9858	0xb	12		yes		static array	0x022ebb18	
55	Page Top		Various Windows	2	78	0x7f	0x009f9858	FUN_009f9858	0x0	12		yes		static array	0x022ebb18	
56	Page Bottom		Various Windows	2	79	0x7f	0x009f9858	FUN_009f9858	0x1	12		yes		static array	0x022ebb18	
57	Page Left-Most		Various Windows	2	80	0x7f	0x009f9858	FUN_009f9858	0x4	12		yes		static array	0x022ebb18	
58	Page Right-Most		Various Windows	2	81	0x7f	0x009f9858	FUN_009f9858	0x5	12		yes		static array	0x022ebb18	
51	Catch Playhead Position		Various Windows	2	82	0x7f	0x00f2bbf0	FUN_00f2bbf0	0x0	1		yes		static array	0x022ebb18	
892	Show/Hide Control Bar		Various Windows	2	83	0x7f	0x00f2a6b4	FUN_00f2a6b4	0x0	1		yes		static array	0x022ebb18	
45	Show/Hide Inspector		Various Windows	2	84	0x7f	0x00f2a808	FUN_00f2a808	0x0	1		yes		static array	0x022ebb18	
2369	Collapse/Expand All Inspector Tiles		Various Windows	2	85	0x7f	0x00f2a940	FUN_00f2a940	0x0	1		yes		static array	0x022ebb18	
2248	Show/Hide Local Inspector		Various Windows	2	86	0x7f	0x00f2aa8c	FUN_00f2aa8c	0x0	1		yes		static array	0x022ebb18	
52	Link View (Same Level) On/Off		Various Windows	2	87	0x7f	0x00f2ad98	FUN_00f2ad98	0x1	2		yes		static array	0x022ebb18	
2558	Link View (Content) On/Off		Various Windows	2	88	0x7f	0x00f2ad98	FUN_00f2ad98	0x2	2		yes		static array	0x022ebb18	
2559	Cycle Link View		Various Windows	2	89	0x7f	0x00f2af4c	FUN_00f2af4c	0x0	1		yes		static array	0x022ebb18	
2560	Set Link View to Off		Various Windows	2	90	0x7f	0x00f2b0f8	FUN_00f2b0f8	0x0	3		yes		static array	0x022ebb18	
2561	Set Link View to Same Level		Various Windows	2	91	0x7f	0x00f2b0f8	FUN_00f2b0f8	0x1	3		yes		static array	0x022ebb18	
2562	Set Link View to Content		Various Windows	2	92	0x7f	0x00f2b0f8	FUN_00f2b0f8	0x2	3		yes		static array	0x022ebb18	
53	Toggle MIDI Out (Note Preview)		Various Windows	2	93	0x7f	0x00f2bda8	FUN_00f2bda8	0x0	1		yes		static array	0x022ebb18	
72	Toggle MIDI In (Step Record)		Various Windows	2	94	0x7f	0x00f2bec4	FUN_00f2bec4	0x0	1		yes		static array	0x022ebb18	
2610	Event Beautify: Quantize Note End To TimeSignature Denom (Not to be localized)		Various Windows	2	95	0x7f	0x0160c2cc	FUN_0160c2cc	0x0	1		yes		static array	0x022ebb18	
2611	Event Beautify: Quantize Note End To Format (Not to be localized)		Various Windows	2	96	0x7f	0x0160c970	FUN_0160c970	0x0	1		yes		static array	0x022ebb18	
2612	Event Beautify: Quantize to Subdivision read from RegionNames (Not to be localized)		Various Windows	2	97	0x7f	0x0160cb70	FUN_0160cb70	0x0	1		yes		static array	0x022ebb18	
2633	Event Beautify: Set RelVel PhAbil for sel Evs or sel Rgns (Not to be localized)		Various Windows	2	98	0x7f	0x0160d250	FUN_0160d250	0x0	1		yes		static array	0x022ebb18	
2634	Event Beautify: Correct RelVel PhAbil for long Artic for sel Evs or sel Rgns (Not to be localized)		Various Windows	2	99	0x7f	0x0160dfd8	FUN_0160dfd8	0x0	1		yes		static array	0x022ebb18	
2614	Event Beautify: As Phrase (Not to be localized)		Various Windows	2	100	0x7f	0x0160e554	FUN_0160e554	0x0	1		yes		static array	0x022ebb18	
2615	Event Beautify: ReleaseVel to 1 (Not to be localized)		Various Windows	2	101	0x7f	0x0160ebe4	FUN_0160ebe4	0x1	2		yes		static array	0x022ebb18	
2616	Event Beautify: ReleaseVel to 5 (Not to be localized)		Various Windows	2	102	0x7f	0x0160ebe4	FUN_0160ebe4	0x5	2		yes		static array	0x022ebb18	
2617	Event Beautify: Selected Evs As Superlegato (Not to be localized)		Various Windows	2	103	0x7f	0x01611e04	FUN_01611e04	0x0	1		yes		static array	0x022ebb18	
2645	Event Beautify: Set CurveInterpolation to stepped/staircase for sel CC evs) (Not to be localized)		Various Windows	2	104	0x7f	0x016127ac	FUN_016127ac	0x1	2		yes		static array	0x022ebb18	
2646	Event Beautify: Set CurveInterpolation to gradual/ramp  for sel CC evs) (Not to be localized)		Various Windows	2	105	0x7f	0x016127ac	FUN_016127ac	0x2	2		yes		static array	0x022ebb18	
2618	Event Beautify: CurveInterpolation Create Ctr Staircase over selected Evs (Not to be localized)		Various Windows	2	106	0x7f	0x01613630	FUN_01613630	0x0	1		yes		static array	0x022ebb18	
2619	Event Beautify: CurveInterpolation Remove StairCorner Ctr Nodes in selected regions (Not to be localized)		Various Windows	2	107	0x7f	0x01612d7c	FUN_01612d7c	0x0	1		yes		static array	0x022ebb18	
2636	Event Beautify: CurveInterpolation Events GLobally disable CC Staircases = Enable CC Ramps (deprecated, replaced by SetCurve Interpolation) (Not to be localized)		Various Windows	2	108	0x7f	0x01614a0c	FUN_01614a0c	0x1	2		yes		static array	0x022ebb18	
2637	Event Beautify: CurveInterpolation Events GLobally CC Staircases = Disable CC Ramps (deprecated, replaced by SetCurve Interpolation) (Not to be localized)		Various Windows	2	109	0x7f	0x01614a0c	FUN_01614a0c	0x0	2		yes		static array	0x022ebb18	
2620	Event Beautify: Merge Vel + Vel->CC1 from lower same named Regions into sel Regions (Not to be localized)		Various Windows	2	110	0x7f	0x01611bd8	FUN_01611bd8	0x0	1		yes		static array	0x022ebb18	
2621	Event Beautify: Configurable Merge 1 Configuration (Not to be localized)		Various Windows	2	111	0x7f	0x0160f5e8	FUN_0160f5e8	0x0	2		yes		static array	0x022ebb18	
2622	Event Beautify: Configurable Merge 1 (Vel, Vel->CC1, MB3 etc) to parallel Evs in lower selected Regions (Not to be localized)		Various Windows	2	112	0x7f	0x0160f884	FUN_0160f884	0x0	2		yes		static array	0x022ebb18	
2623	Event Beautify: Configurable Merge 1 (Vel, Vel->CC1, MB3 etc) of sel Rgn to parallel Evs in same named Regions (Not to be localized)		Various Windows	2	113	0x7f	0x01610970	FUN_01610970	0x0	2		yes		static array	0x022ebb18	
2624	Event Beautify: Configurable Merge 1 (Vel, Vel->CC1, MB3 etc) from lower same named Rgns into sel Regions (Not to be localized)		Various Windows	2	114	0x7f	0x016113b0	FUN_016113b0	0x0	2		yes		static array	0x022ebb18	
2625	Event Beautify: Configurable Merge 2 Configuration (Not to be localized)		Various Windows	2	115	0x7f	0x0160f5e8	FUN_0160f5e8	0x1	2		yes		static array	0x022ebb18	
2626	Event Beautify: Configurable Merge 2 (Vel, Vel->CC1, MB3 etc) to parallel Evs in lower selected Regions (Not to be localized)		Various Windows	2	116	0x7f	0x0160f884	FUN_0160f884	0x1	2		yes		static array	0x022ebb18	
2627	Event Beautify: Configurable Merge 2 (Vel, Vel->CC1, MB3 etc) of sel Rgn to parallel Evs same named Regions (Not to be localized)		Various Windows	2	117	0x7f	0x01610970	FUN_01610970	0x1	2		yes		static array	0x022ebb18	
2628	Event Beautify: Configurable Merge 2 (Vel, Vel->CC1, MB3 etc) from lower same named Rgns into sel Regions (Not to be localized)		Various Windows	2	118	0x7f	0x016113b0	FUN_016113b0	0x1	2		yes		static array	0x022ebb18	
2629	Event Beautify: Change Vel average to CC1 value for selects Evs or sel Regions (Not to be localized)		Various Windows	2	119	0x7f	0x01614bb8	FUN_01614bb8	0x0	1		yes		static array	0x022ebb18	
2630	Event Beautify: Select Divisi of certain MB3 in current Region or sel Regions (Not to be localized)		Various Windows	2	120	0x7f	0x016153dc	FUN_016153dc	0x0	1		yes		static array	0x022ebb18	
2631	Event Beautify: Arpeggiate selecteds Chords (Not to be localized)		Various Windows	2	121	0x7f	0x01615ae0	FUN_01615ae0	0x0	1		yes		static array	0x022ebb18	
2635	Event Beautify: Sel Rgns as GdTrack (Not to be localized)		Various Windows	2	122	0x7f	0x0161821c	FUN_0161821c	0x0	1		yes		static array	0x022ebb18	
2638	Event Beautify: Velocity Ramp for sel Notes (Not to be localized)		Various Windows	2	123	0x7f	0x016187b0	FUN_016187b0	0x0	1		yes		static array	0x022ebb18	
2640	Event Beautify: Insert Vol in sel Regions at SPL (Not to be localized)		Various Windows	2	124	0x7f	0x01619510	FUN_01619510	0x0	1		yes		static array	0x022ebb18	
2641	Event Beautify: Change Vol in sel Regions in Range (Not to be localized)		Various Windows	2	125	0x7f	0x0161a20c	FUN_0161a20c	0x0	1		yes		static array	0x022ebb18	
2642	Event Beautify: Lyrics To RegionName (Not to be localized)		Various Windows	2	126	0x7f	0x0161ae78	FUN_0161ae78	0x0	1		yes		static array	0x022ebb18	
2643	Event Beautify: Extract Region Names To TextFile (Not to be localized)		Various Windows	2	127	0x7f	0x0161ba20	FUN_0161ba20	0x0	1		yes		static array	0x022ebb18	
2644	Event Beautify: Replace Notes With Note Spanning Their Length (Not to be localized)		Various Windows	2	128	0x7f	0x0161c394	FUN_0161c394	0x0	1		yes		static array	0x022ebb18	
2650	Event Beautify: Create Sequential Numbered Markers (after sel Markers) (Not to be localized)		Various Windows	2	129	0x7f	0x01618fc8	FUN_01618fc8	0x0	1		yes		static array	0x022ebb18	
3951	Event Beautify: MB3 to 0   (Not to be localized)		Various Windows	2	130	0x7f	0x0160f17c	FUN_0160f17c	0x0	128		yes		static array	0x022ebb18	
3952	Event Beautify: MB3 to 1   (Not to be localized)		Various Windows	2	131	0x7f	0x0160f17c	FUN_0160f17c	0x1	128		yes		static array	0x022ebb18	
3953	Event Beautify: MB3 to 2   (Not to be localized)		Various Windows	2	132	0x7f	0x0160f17c	FUN_0160f17c	0x2	128		yes		static array	0x022ebb18	
3954	Event Beautify: MB3 to 3   (Not to be localized)		Various Windows	2	133	0x7f	0x0160f17c	FUN_0160f17c	0x3	128		yes		static array	0x022ebb18	
3955	Event Beautify: MB3 to 4   (Not to be localized)		Various Windows	2	134	0x7f	0x0160f17c	FUN_0160f17c	0x4	128		yes		static array	0x022ebb18	
3956	Event Beautify: MB3 to 5   (Not to be localized)		Various Windows	2	135	0x7f	0x0160f17c	FUN_0160f17c	0x5	128		yes		static array	0x022ebb18	
3957	Event Beautify: MB3 to 6   (Not to be localized)		Various Windows	2	136	0x7f	0x0160f17c	FUN_0160f17c	0x6	128		yes		static array	0x022ebb18	
3958	Event Beautify: MB3 to 7   (Not to be localized)		Various Windows	2	137	0x7f	0x0160f17c	FUN_0160f17c	0x7	128		yes		static array	0x022ebb18	
3959	Event Beautify: MB3 to 8   (Not to be localized)		Various Windows	2	138	0x7f	0x0160f17c	FUN_0160f17c	0x8	128		yes		static array	0x022ebb18	
3960	Event Beautify: MB3 to 9   (Not to be localized)		Various Windows	2	139	0x7f	0x0160f17c	FUN_0160f17c	0x9	128		yes		static array	0x022ebb18	
3961	Event Beautify: MB3 to 10  (Not to be localized)		Various Windows	2	140	0x7f	0x0160f17c	FUN_0160f17c	0xa	128		yes		static array	0x022ebb18	
3962	Event Beautify: MB3 to 11  (Not to be localized)		Various Windows	2	141	0x7f	0x0160f17c	FUN_0160f17c	0xb	128		yes		static array	0x022ebb18	
3963	Event Beautify: MB3 to 12  (Not to be localized)		Various Windows	2	142	0x7f	0x0160f17c	FUN_0160f17c	0xc	128		yes		static array	0x022ebb18	
3964	Event Beautify: MB3 to 13  (Not to be localized)		Various Windows	2	143	0x7f	0x0160f17c	FUN_0160f17c	0xd	128		yes		static array	0x022ebb18	
3965	Event Beautify: MB3 to 14  (Not to be localized)		Various Windows	2	144	0x7f	0x0160f17c	FUN_0160f17c	0xe	128		yes		static array	0x022ebb18	
3966	Event Beautify: MB3 to 15  (Not to be localized)		Various Windows	2	145	0x7f	0x0160f17c	FUN_0160f17c	0xf	128		yes		static array	0x022ebb18	
3967	Event Beautify: MB3 to 16  (Not to be localized)		Various Windows	2	146	0x7f	0x0160f17c	FUN_0160f17c	0x10	128		yes		static array	0x022ebb18	
3968	Event Beautify: MB3 to 17  (Not to be localized)		Various Windows	2	147	0x7f	0x0160f17c	FUN_0160f17c	0x11	128		yes		static array	0x022ebb18	
3969	Event Beautify: MB3 to 18  (Not to be localized)		Various Windows	2	148	0x7f	0x0160f17c	FUN_0160f17c	0x12	128		yes		static array	0x022ebb18	
3970	Event Beautify: MB3 to 19  (Not to be localized)		Various Windows	2	149	0x7f	0x0160f17c	FUN_0160f17c	0x13	128		yes		static array	0x022ebb18	
3971	Event Beautify: MB3 to 20  (Not to be localized)		Various Windows	2	150	0x7f	0x0160f17c	FUN_0160f17c	0x14	128		yes		static array	0x022ebb18	
3972	Event Beautify: MB3 to 21  (Not to be localized)		Various Windows	2	151	0x7f	0x0160f17c	FUN_0160f17c	0x15	128		yes		static array	0x022ebb18	
3973	Event Beautify: MB3 to 22  (Not to be localized)		Various Windows	2	152	0x7f	0x0160f17c	FUN_0160f17c	0x16	128		yes		static array	0x022ebb18	
3974	Event Beautify: MB3 to 23  (Not to be localized)		Various Windows	2	153	0x7f	0x0160f17c	FUN_0160f17c	0x17	128		yes		static array	0x022ebb18	
3975	Event Beautify: MB3 to 24  (Not to be localized)		Various Windows	2	154	0x7f	0x0160f17c	FUN_0160f17c	0x18	128		yes		static array	0x022ebb18	
3976	Event Beautify: MB3 to 25  (Not to be localized)		Various Windows	2	155	0x7f	0x0160f17c	FUN_0160f17c	0x19	128		yes		static array	0x022ebb18	
3977	Event Beautify: MB3 to 26  (Not to be localized)		Various Windows	2	156	0x7f	0x0160f17c	FUN_0160f17c	0x1a	128		yes		static array	0x022ebb18	
3978	Event Beautify: MB3 to 27  (Not to be localized)		Various Windows	2	157	0x7f	0x0160f17c	FUN_0160f17c	0x1b	128		yes		static array	0x022ebb18	
3979	Event Beautify: MB3 to 28  (Not to be localized)		Various Windows	2	158	0x7f	0x0160f17c	FUN_0160f17c	0x1c	128		yes		static array	0x022ebb18	
3980	Event Beautify: MB3 to 29  (Not to be localized)		Various Windows	2	159	0x7f	0x0160f17c	FUN_0160f17c	0x1d	128		yes		static array	0x022ebb18	
3981	Event Beautify: MB3 to 30  (Not to be localized)		Various Windows	2	160	0x7f	0x0160f17c	FUN_0160f17c	0x1e	128		yes		static array	0x022ebb18	
3982	Event Beautify: MB3 to 31  (Not to be localized)		Various Windows	2	161	0x7f	0x0160f17c	FUN_0160f17c	0x1f	128		yes		static array	0x022ebb18	
3983	Event Beautify: MB3 to 32  (Not to be localized)		Various Windows	2	162	0x7f	0x0160f17c	FUN_0160f17c	0x20	128		yes		static array	0x022ebb18	
3984	Event Beautify: MB3 to 33  (Not to be localized)		Various Windows	2	163	0x7f	0x0160f17c	FUN_0160f17c	0x21	128		yes		static array	0x022ebb18	
3985	Event Beautify: MB3 to 34  (Not to be localized)		Various Windows	2	164	0x7f	0x0160f17c	FUN_0160f17c	0x22	128		yes		static array	0x022ebb18	
3986	Event Beautify: MB3 to 35  (Not to be localized)		Various Windows	2	165	0x7f	0x0160f17c	FUN_0160f17c	0x23	128		yes		static array	0x022ebb18	
3987	Event Beautify: MB3 to 36  (Not to be localized)		Various Windows	2	166	0x7f	0x0160f17c	FUN_0160f17c	0x24	128		yes		static array	0x022ebb18	
3988	Event Beautify: MB3 to 37  (Not to be localized)		Various Windows	2	167	0x7f	0x0160f17c	FUN_0160f17c	0x25	128		yes		static array	0x022ebb18	
3989	Event Beautify: MB3 to 38  (Not to be localized)		Various Windows	2	168	0x7f	0x0160f17c	FUN_0160f17c	0x26	128		yes		static array	0x022ebb18	
3990	Event Beautify: MB3 to 39  (Not to be localized)		Various Windows	2	169	0x7f	0x0160f17c	FUN_0160f17c	0x27	128		yes		static array	0x022ebb18	
3991	Event Beautify: MB3 to 40  (Not to be localized)		Various Windows	2	170	0x7f	0x0160f17c	FUN_0160f17c	0x28	128		yes		static array	0x022ebb18	
3992	Event Beautify: MB3 to 41  (Not to be localized)		Various Windows	2	171	0x7f	0x0160f17c	FUN_0160f17c	0x29	128		yes		static array	0x022ebb18	
3993	Event Beautify: MB3 to 42  (Not to be localized)		Various Windows	2	172	0x7f	0x0160f17c	FUN_0160f17c	0x2a	128		yes		static array	0x022ebb18	
3994	Event Beautify: MB3 to 43  (Not to be localized)		Various Windows	2	173	0x7f	0x0160f17c	FUN_0160f17c	0x2b	128		yes		static array	0x022ebb18	
3995	Event Beautify: MB3 to 44  (Not to be localized)		Various Windows	2	174	0x7f	0x0160f17c	FUN_0160f17c	0x2c	128		yes		static array	0x022ebb18	
3996	Event Beautify: MB3 to 45  (Not to be localized)		Various Windows	2	175	0x7f	0x0160f17c	FUN_0160f17c	0x2d	128		yes		static array	0x022ebb18	
3997	Event Beautify: MB3 to 46  (Not to be localized)		Various Windows	2	176	0x7f	0x0160f17c	FUN_0160f17c	0x2e	128		yes		static array	0x022ebb18	
3998	Event Beautify: MB3 to 47  (Not to be localized)		Various Windows	2	177	0x7f	0x0160f17c	FUN_0160f17c	0x2f	128		yes		static array	0x022ebb18	
3999	Event Beautify: MB3 to 48  (Not to be localized)		Various Windows	2	178	0x7f	0x0160f17c	FUN_0160f17c	0x30	128		yes		static array	0x022ebb18	
4000	Event Beautify: MB3 to 49  (Not to be localized)		Various Windows	2	179	0x7f	0x0160f17c	FUN_0160f17c	0x31	128		yes		static array	0x022ebb18	
4001	Event Beautify: MB3 to 50  (Not to be localized)		Various Windows	2	180	0x7f	0x0160f17c	FUN_0160f17c	0x32	128		yes		static array	0x022ebb18	
4002	Event Beautify: MB3 to 51  (Not to be localized)		Various Windows	2	181	0x7f	0x0160f17c	FUN_0160f17c	0x33	128		yes		static array	0x022ebb18	
4003	Event Beautify: MB3 to 52  (Not to be localized)		Various Windows	2	182	0x7f	0x0160f17c	FUN_0160f17c	0x34	128		yes		static array	0x022ebb18	
4004	Event Beautify: MB3 to 53  (Not to be localized)		Various Windows	2	183	0x7f	0x0160f17c	FUN_0160f17c	0x35	128		yes		static array	0x022ebb18	
4005	Event Beautify: MB3 to 54  (Not to be localized)		Various Windows	2	184	0x7f	0x0160f17c	FUN_0160f17c	0x36	128		yes		static array	0x022ebb18	
4006	Event Beautify: MB3 to 55  (Not to be localized)		Various Windows	2	185	0x7f	0x0160f17c	FUN_0160f17c	0x37	128		yes		static array	0x022ebb18	
4007	Event Beautify: MB3 to 56  (Not to be localized)		Various Windows	2	186	0x7f	0x0160f17c	FUN_0160f17c	0x38	128		yes		static array	0x022ebb18	
4008	Event Beautify: MB3 to 57  (Not to be localized)		Various Windows	2	187	0x7f	0x0160f17c	FUN_0160f17c	0x39	128		yes		static array	0x022ebb18	
4009	Event Beautify: MB3 to 58  (Not to be localized)		Various Windows	2	188	0x7f	0x0160f17c	FUN_0160f17c	0x3a	128		yes		static array	0x022ebb18	
4010	Event Beautify: MB3 to 59  (Not to be localized)		Various Windows	2	189	0x7f	0x0160f17c	FUN_0160f17c	0x3b	128		yes		static array	0x022ebb18	
4011	Event Beautify: MB3 to 60  (Not to be localized)		Various Windows	2	190	0x7f	0x0160f17c	FUN_0160f17c	0x3c	128		yes		static array	0x022ebb18	
4012	Event Beautify: MB3 to 61  (Not to be localized)		Various Windows	2	191	0x7f	0x0160f17c	FUN_0160f17c	0x3d	128		yes		static array	0x022ebb18	
4013	Event Beautify: MB3 to 62  (Not to be localized)		Various Windows	2	192	0x7f	0x0160f17c	FUN_0160f17c	0x3e	128		yes		static array	0x022ebb18	
4014	Event Beautify: MB3 to 63  (Not to be localized)		Various Windows	2	193	0x7f	0x0160f17c	FUN_0160f17c	0x3f	128		yes		static array	0x022ebb18	
4015	Event Beautify: MB3 to 64  (Not to be localized)		Various Windows	2	194	0x7f	0x0160f17c	FUN_0160f17c	0x40	128		yes		static array	0x022ebb18	
4016	Event Beautify: MB3 to 65  (Not to be localized)		Various Windows	2	195	0x7f	0x0160f17c	FUN_0160f17c	0x41	128		yes		static array	0x022ebb18	
4017	Event Beautify: MB3 to 66  (Not to be localized)		Various Windows	2	196	0x7f	0x0160f17c	FUN_0160f17c	0x42	128		yes		static array	0x022ebb18	
4018	Event Beautify: MB3 to 67  (Not to be localized)		Various Windows	2	197	0x7f	0x0160f17c	FUN_0160f17c	0x43	128		yes		static array	0x022ebb18	
4019	Event Beautify: MB3 to 68  (Not to be localized)		Various Windows	2	198	0x7f	0x0160f17c	FUN_0160f17c	0x44	128		yes		static array	0x022ebb18	
4020	Event Beautify: MB3 to 69  (Not to be localized)		Various Windows	2	199	0x7f	0x0160f17c	FUN_0160f17c	0x45	128		yes		static array	0x022ebb18	
4021	Event Beautify: MB3 to 70  (Not to be localized)		Various Windows	2	200	0x7f	0x0160f17c	FUN_0160f17c	0x46	128		yes		static array	0x022ebb18	
4022	Event Beautify: MB3 to 71  (Not to be localized)		Various Windows	2	201	0x7f	0x0160f17c	FUN_0160f17c	0x47	128		yes		static array	0x022ebb18	
4023	Event Beautify: MB3 to 72  (Not to be localized)		Various Windows	2	202	0x7f	0x0160f17c	FUN_0160f17c	0x48	128		yes		static array	0x022ebb18	
4024	Event Beautify: MB3 to 73  (Not to be localized)		Various Windows	2	203	0x7f	0x0160f17c	FUN_0160f17c	0x49	128		yes		static array	0x022ebb18	
4025	Event Beautify: MB3 to 74  (Not to be localized)		Various Windows	2	204	0x7f	0x0160f17c	FUN_0160f17c	0x4a	128		yes		static array	0x022ebb18	
4026	Event Beautify: MB3 to 75  (Not to be localized)		Various Windows	2	205	0x7f	0x0160f17c	FUN_0160f17c	0x4b	128		yes		static array	0x022ebb18	
4027	Event Beautify: MB3 to 76  (Not to be localized)		Various Windows	2	206	0x7f	0x0160f17c	FUN_0160f17c	0x4c	128		yes		static array	0x022ebb18	
4028	Event Beautify: MB3 to 77  (Not to be localized)		Various Windows	2	207	0x7f	0x0160f17c	FUN_0160f17c	0x4d	128		yes		static array	0x022ebb18	
4029	Event Beautify: MB3 to 78  (Not to be localized)		Various Windows	2	208	0x7f	0x0160f17c	FUN_0160f17c	0x4e	128		yes		static array	0x022ebb18	
4030	Event Beautify: MB3 to 79  (Not to be localized)		Various Windows	2	209	0x7f	0x0160f17c	FUN_0160f17c	0x4f	128		yes		static array	0x022ebb18	
4031	Event Beautify: MB3 to 80  (Not to be localized)		Various Windows	2	210	0x7f	0x0160f17c	FUN_0160f17c	0x50	128		yes		static array	0x022ebb18	
4032	Event Beautify: MB3 to 81  (Not to be localized)		Various Windows	2	211	0x7f	0x0160f17c	FUN_0160f17c	0x51	128		yes		static array	0x022ebb18	
4033	Event Beautify: MB3 to 82  (Not to be localized)		Various Windows	2	212	0x7f	0x0160f17c	FUN_0160f17c	0x52	128		yes		static array	0x022ebb18	
4034	Event Beautify: MB3 to 83  (Not to be localized)		Various Windows	2	213	0x7f	0x0160f17c	FUN_0160f17c	0x53	128		yes		static array	0x022ebb18	
4035	Event Beautify: MB3 to 84  (Not to be localized)		Various Windows	2	214	0x7f	0x0160f17c	FUN_0160f17c	0x54	128		yes		static array	0x022ebb18	
4036	Event Beautify: MB3 to 85  (Not to be localized)		Various Windows	2	215	0x7f	0x0160f17c	FUN_0160f17c	0x55	128		yes		static array	0x022ebb18	
4037	Event Beautify: MB3 to 86  (Not to be localized)		Various Windows	2	216	0x7f	0x0160f17c	FUN_0160f17c	0x56	128		yes		static array	0x022ebb18	
4038	Event Beautify: MB3 to 87  (Not to be localized)		Various Windows	2	217	0x7f	0x0160f17c	FUN_0160f17c	0x57	128		yes		static array	0x022ebb18	
4039	Event Beautify: MB3 to 88  (Not to be localized)		Various Windows	2	218	0x7f	0x0160f17c	FUN_0160f17c	0x58	128		yes		static array	0x022ebb18	
4040	Event Beautify: MB3 to 89  (Not to be localized)		Various Windows	2	219	0x7f	0x0160f17c	FUN_0160f17c	0x59	128		yes		static array	0x022ebb18	
4041	Event Beautify: MB3 to 90  (Not to be localized)		Various Windows	2	220	0x7f	0x0160f17c	FUN_0160f17c	0x5a	128		yes		static array	0x022ebb18	
4042	Event Beautify: MB3 to 91  (Not to be localized)		Various Windows	2	221	0x7f	0x0160f17c	FUN_0160f17c	0x5b	128		yes		static array	0x022ebb18	
4043	Event Beautify: MB3 to 92  (Not to be localized)		Various Windows	2	222	0x7f	0x0160f17c	FUN_0160f17c	0x5c	128		yes		static array	0x022ebb18	
4044	Event Beautify: MB3 to 93  (Not to be localized)		Various Windows	2	223	0x7f	0x0160f17c	FUN_0160f17c	0x5d	128		yes		static array	0x022ebb18	
4045	Event Beautify: MB3 to 94  (Not to be localized)		Various Windows	2	224	0x7f	0x0160f17c	FUN_0160f17c	0x5e	128		yes		static array	0x022ebb18	
4046	Event Beautify: MB3 to 95  (Not to be localized)		Various Windows	2	225	0x7f	0x0160f17c	FUN_0160f17c	0x5f	128		yes		static array	0x022ebb18	
4047	Event Beautify: MB3 to 96  (Not to be localized)		Various Windows	2	226	0x7f	0x0160f17c	FUN_0160f17c	0x60	128		yes		static array	0x022ebb18	
4048	Event Beautify: MB3 to 97  (Not to be localized)		Various Windows	2	227	0x7f	0x0160f17c	FUN_0160f17c	0x61	128		yes		static array	0x022ebb18	
4049	Event Beautify: MB3 to 98  (Not to be localized)		Various Windows	2	228	0x7f	0x0160f17c	FUN_0160f17c	0x62	128		yes		static array	0x022ebb18	
4050	Event Beautify: MB3 to 99  (Not to be localized)		Various Windows	2	229	0x7f	0x0160f17c	FUN_0160f17c	0x63	128		yes		static array	0x022ebb18	
4051	Event Beautify: MB3 to 100 (Not to be localized)		Various Windows	2	230	0x7f	0x0160f17c	FUN_0160f17c	0x64	128		yes		static array	0x022ebb18	
4052	Event Beautify: MB3 to 101 (Not to be localized)		Various Windows	2	231	0x7f	0x0160f17c	FUN_0160f17c	0x65	128		yes		static array	0x022ebb18	
4053	Event Beautify: MB3 to 102 (Not to be localized)		Various Windows	2	232	0x7f	0x0160f17c	FUN_0160f17c	0x66	128		yes		static array	0x022ebb18	
4054	Event Beautify: MB3 to 103 (Not to be localized)		Various Windows	2	233	0x7f	0x0160f17c	FUN_0160f17c	0x67	128		yes		static array	0x022ebb18	
4055	Event Beautify: MB3 to 104 (Not to be localized)		Various Windows	2	234	0x7f	0x0160f17c	FUN_0160f17c	0x68	128		yes		static array	0x022ebb18	
4056	Event Beautify: MB3 to 105 (Not to be localized)		Various Windows	2	235	0x7f	0x0160f17c	FUN_0160f17c	0x69	128		yes		static array	0x022ebb18	
4057	Event Beautify: MB3 to 106 (Not to be localized)		Various Windows	2	236	0x7f	0x0160f17c	FUN_0160f17c	0x6a	128		yes		static array	0x022ebb18	
4058	Event Beautify: MB3 to 107 (Not to be localized)		Various Windows	2	237	0x7f	0x0160f17c	FUN_0160f17c	0x6b	128		yes		static array	0x022ebb18	
4059	Event Beautify: MB3 to 108 (Not to be localized)		Various Windows	2	238	0x7f	0x0160f17c	FUN_0160f17c	0x6c	128		yes		static array	0x022ebb18	
4060	Event Beautify: MB3 to 109 (Not to be localized)		Various Windows	2	239	0x7f	0x0160f17c	FUN_0160f17c	0x6d	128		yes		static array	0x022ebb18	
4061	Event Beautify: MB3 to 110 (Not to be localized)		Various Windows	2	240	0x7f	0x0160f17c	FUN_0160f17c	0x6e	128		yes		static array	0x022ebb18	
4062	Event Beautify: MB3 to 111 (Not to be localized)		Various Windows	2	241	0x7f	0x0160f17c	FUN_0160f17c	0x6f	128		yes		static array	0x022ebb18	
4063	Event Beautify: MB3 to 112 (Not to be localized)		Various Windows	2	242	0x7f	0x0160f17c	FUN_0160f17c	0x70	128		yes		static array	0x022ebb18	
4064	Event Beautify: MB3 to 113 (Not to be localized)		Various Windows	2	243	0x7f	0x0160f17c	FUN_0160f17c	0x71	128		yes		static array	0x022ebb18	
4065	Event Beautify: MB3 to 114 (Not to be localized)		Various Windows	2	244	0x7f	0x0160f17c	FUN_0160f17c	0x72	128		yes		static array	0x022ebb18	
4066	Event Beautify: MB3 to 115 (Not to be localized)		Various Windows	2	245	0x7f	0x0160f17c	FUN_0160f17c	0x73	128		yes		static array	0x022ebb18	
4067	Event Beautify: MB3 to 116 (Not to be localized)		Various Windows	2	246	0x7f	0x0160f17c	FUN_0160f17c	0x74	128		yes		static array	0x022ebb18	
4068	Event Beautify: MB3 to 117 (Not to be localized)		Various Windows	2	247	0x7f	0x0160f17c	FUN_0160f17c	0x75	128		yes		static array	0x022ebb18	
4069	Event Beautify: MB3 to 118 (Not to be localized)		Various Windows	2	248	0x7f	0x0160f17c	FUN_0160f17c	0x76	128		yes		static array	0x022ebb18	
4070	Event Beautify: MB3 to 119 (Not to be localized)		Various Windows	2	249	0x7f	0x0160f17c	FUN_0160f17c	0x77	128		yes		static array	0x022ebb18	
4071	Event Beautify: MB3 to 120 (Not to be localized)		Various Windows	2	250	0x7f	0x0160f17c	FUN_0160f17c	0x78	128		yes		static array	0x022ebb18	
4072	Event Beautify: MB3 to 121 (Not to be localized)		Various Windows	2	251	0x7f	0x0160f17c	FUN_0160f17c	0x79	128		yes		static array	0x022ebb18	
4073	Event Beautify: MB3 to 122 (Not to be localized)		Various Windows	2	252	0x7f	0x0160f17c	FUN_0160f17c	0x7a	128		yes		static array	0x022ebb18	
4074	Event Beautify: MB3 to 123 (Not to be localized)		Various Windows	2	253	0x7f	0x0160f17c	FUN_0160f17c	0x7b	128		yes		static array	0x022ebb18	
4075	Event Beautify: MB3 to 124 (Not to be localized)		Various Windows	2	254	0x7f	0x0160f17c	FUN_0160f17c	0x7c	128		yes		static array	0x022ebb18	
4076	Event Beautify: MB3 to 125 (Not to be localized)		Various Windows	2	255	0x7f	0x0160f17c	FUN_0160f17c	0x7d	128		yes		static array	0x022ebb18	
4077	Event Beautify: MB3 to 126 (Not to be localized)		Various Windows	2	256	0x7f	0x0160f17c	FUN_0160f17c	0x7e	128		yes		static array	0x022ebb18	
4078	Event Beautify: MB3 to 127 (Not to be localized)		Various Windows	2	257	0x7f	0x0160f17c	FUN_0160f17c	0x7f	128		yes		static array	0x022ebb18	
3339	Apply Region Chords to Chord Track		Various Windows	2	258	0x7f	0x00ef20d4	FUN_00ef20d4	0x0	1		yes		static array	0x022ebb18	
3340	Analyze Chords		Various Windows	2	259	0x7f	0x00ef1f10	FUN_00ef1f10	0x0	1		yes		static array	0x022ebb18	
3300	Global Chords: Analyze Key Signature		Various Windows	2	260	0x7f	0x00ef16b8	FUN_00ef16b8	0x0	1		yes		static array	0x022ebb18	
3301	Region Chords: Analyze Key Signature		Various Windows	2	261	0x7f	0x00ef1930	FUN_00ef1930	0x0	1		yes		static array	0x022ebb18	
3304	Apply Chords from Chord Track		Various Windows	2	262	0x7f	0x00ef1d0c	FUN_00ef1d0c	0x0	1		yes		static array	0x022ebb18	
3338	Apply Region Key Signature to Project Key Signature		Various Windows	2	263	0x7f	0x00ef24f4	FUN_00ef24f4	0x0	1		yes		static array	0x022ebb18	
879	Increase Last Clicked Parameter by 1		Various Windows	2	264	0x7f	0x00f2b52c	FUN_00f2b52c	0x1	4		yes		static array	0x022ebb18	
880	Decrease Last Clicked Parameter by 1		Various Windows	2	265	0x7f	0x00f2b52c	FUN_00f2b52c	0xffffffffffffffff	4		yes		static array	0x022ebb18	
881	Increase Last Clicked Parameter by 10		Various Windows	2	266	0x7f	0x00f2b52c	FUN_00f2b52c	0xa	4		yes		static array	0x022ebb18	
882	Decrease Last Clicked Parameter by 10		Various Windows	2	267	0x7f	0x00f2b52c	FUN_00f2b52c	0xfffffffffffffff6	4		yes		static array	0x022ebb18	
2212	Customize Control Bar and Display…		Various Windows	2	268	0x7f	0x00f2b388	FUN_00f2b388	0x0	3		yes		static array	0x022ebb18	
2398	Apply Control Bar and Display Defaults		Various Windows	2	269	0x7f	0x00f2b388	FUN_00f2b388	0x1	3		yes		static array	0x022ebb18	
2399	Save As Control Bar and Display Defaults		Various Windows	2	270	0x7f	0x00f2b388	FUN_00f2b388	0x2	3		yes		static array	0x022ebb18	
1903	Preview		Various Windows	2	271	0x7f	0x00275634	FUN_00275634	0x0	1		yes		static array	0x022ebb18	
1249	Search and Add Plug-in…	Localizable-PluginSearch	Various Windows	2	272	0x7f	0x00f2b6f4	FUN_00f2b6f4	0x0	1		yes		static array	0x022ebb18	
1900	Show Files in Finder		Windows Showing Audio Files	3	0	0x7a	0x0026d618	FUN_0026d618	0x0	1		yes		constructor	FUN_00275dc8	
1901	Snap Edits to Zero Crossings		Windows Showing Audio Files	3	1	0x7a	0x002760d4	FUN_002760d4	0x0	1		yes		constructor	FUN_00275dc8	
1902	Add to Tracks…		Windows Showing Audio Files	3	2	0x7a	0x0026d7b4	FUN_0026d7b4	0x0	1		no: suppressed		constructor	FUN_00275dc8	
412	Remove Silence from Audio Region…		Windows Showing Audio Files	3	3	0x7a	0x00263914	FUN_00263914	0x0	1		yes		constructor	FUN_00275dc8	
1905	Show/Hide Selection-Based Processing		Windows Showing Audio Files	3	4	0x7a	0x00f52d44	FUN_00f52d44	0x0	1		yes		constructor	FUN_00275dc8	
1906	Apply Selection-Based Processing Again		Windows Showing Audio Files	3	5	0x7a	0x00f537c4	FUN_00f537c4	0x0	1		yes		constructor	FUN_00275dc8	
1907	Stem Splitter…	Localizable-StemSeparation	Windows Showing Audio Files	3	6	0x7a	0x00d76154	FUN_00d76154	0x0	1		yes		constructor	FUN_00275dc8	
1908	Stem Splitter Preset 1 (Acapella)		Windows Showing Audio Files	3	7	0x7a	0x00d76614	FUN_00d76614	0x0	6		yes		constructor	FUN_00275dc8	
1909	Stem Splitter Preset 2 (Instrumental)		Windows Showing Audio Files	3	8	0x7a	0x00d76614	FUN_00d76614	0x1	6		yes		constructor	FUN_00275dc8	
1910	Stem Splitter Preset 3 (Vocals + Instrumental)		Windows Showing Audio Files	3	9	0x7a	0x00d76614	FUN_00d76614	0x2	6		yes		constructor	FUN_00275dc8	
1911	Stem Splitter Preset 4 (Vocals + Instruments + Drums)		Windows Showing Audio Files	3	10	0x7a	0x00d76614	FUN_00d76614	0x3	6		yes		constructor	FUN_00275dc8	
1912	Stem Splitter Preset 5 (Vocals + Instruments + Drums + Bass)		Windows Showing Audio Files	3	11	0x7a	0x00d76614	FUN_00d76614	0x4	6		yes		constructor	FUN_00275dc8	
1913	Stem Splitter Preset 6 (Separate all Stems)		Windows Showing Audio Files	3	12	0x7a	0x00d76614	FUN_00d76614	0x5	6		yes		constructor	FUN_00275dc8	
116	Show/Hide Automation		Main Window Tracks and Various Editors	4	0	0x7e	0x00ffce50	FUN_00ffce50	0x0	1		yes		static array	0x025dab78	
146	Show Track Automation		Main Window Tracks and Various Editors	4	1	0x7e	0x00ffd1a8	FUN_00ffd1a8	0x0	2		yes		static array	0x025dab78	
147	Show Region Automation		Main Window Tracks and Various Editors	4	2	0x7e	0x00ffd1a8	FUN_00ffd1a8	0x1	2		yes		static array	0x025dab78	
1715	New Tracks…		Main Window Tracks and Various Editors	4	3	0x7e	0x00fb1898	FUN_00fb1898	0x0	1		no: suppressed		static array	0x025dab78	
1795	New Audio Track		Main Window Tracks and Various Editors	4	4	0x7e	0x00fb05ec	FUN_00fb05ec	0x0	10		yes		static array	0x025dab78	
1796	New Software Instrument Track		Main Window Tracks and Various Editors	4	5	0x7e	0x00fb05ec	FUN_00fb05ec	0x1	10		yes		static array	0x025dab78	
1797	New Session Player SI Track…		Main Window Tracks and Various Editors	4	6	0x7e	0x00fb0a38	FUN_00fb0a38	0x0	1		yes		static array	0x025dab78	
1860	New Drummer SI Track		Main Window Tracks and Various Editors	4	7	0x7e	0x00fb05ec	FUN_00fb05ec	0x2	10		yes		static array	0x025dab78	
1861	New Bass Player SI Track		Main Window Tracks and Various Editors	4	8	0x7e	0x00fb05ec	FUN_00fb05ec	0x3	10		yes		static array	0x025dab78	
1862	New Keyboard Player SI Track		Main Window Tracks and Various Editors	4	9	0x7e	0x00fb05ec	FUN_00fb05ec	0x4	10		yes		static array	0x025dab78	
1798	New External MIDI Track		Main Window Tracks and Various Editors	4	10	0x7e	0x00fb05ec	FUN_00fb05ec	0x5	10		yes		static array	0x025dab78	
1728	New Track with Duplicate Settings		Main Window Tracks and Various Editors	4	11	0x7e	0x00fb05ec	FUN_00fb05ec	0xa	10		yes	/duplicateTrack	static array	0x025dab78	
2351	New Track with Duplicate Settings and Content		Main Window Tracks and Various Editors	4	12	0x7e	0x00fb05ec	FUN_00fb05ec	0xe	10		yes		static array	0x025dab78	
581	New Track with Next Channel / MIDI Channel		Main Window Tracks and Various Editors	4	13	0x7e	0x00fb05ec	FUN_00fb05ec	0x8	10		yes		static array	0x025dab78	
87	New Track with Same Channel Strip/Instrument		Main Window Tracks and Various Editors	4	14	0x7e	0x00fb05ec	FUN_00fb05ec	0x6	10		yes		static array	0x025dab78	
86	Append Track to Track List		Main Window Tracks and Various Editors	4	15	0x7e	0x00fb8698	FUN_00fb8698	0x0	1		yes		static array	0x025dab78	
88	Delete Track		Main Window Tracks and Various Editors	4	16	0x7e	0x00fb0c30	FUN_00fb0c30	0x0	1		yes		static array	0x025dab78	
89	Delete unused Tracks		Main Window Tracks and Various Editors	4	17	0x7e	0x00fb0dc0	FUN_00fb0dc0	0x0	1		yes		static array	0x025dab78	
1600	Search and Select Track…		Main Window Tracks and Various Editors	4	18	0x7e	0x00fb0ecc	FUN_00fb0ecc	0x0	1		yes		static array	0x025dab78	
1186	Import Audio File…		Main Window Tracks and Various Editors	4	19	0x7e	0x0068e680	FUN_0068e680	0x1	4		no: suppressed		static array	0x025dab78	
149	Create MIDI Region/Cell		Main Window Tracks and Various Editors	4	20	0x7e	0x0068e680	FUN_0068e680	0x0	4		yes		static array	0x025dab78	
151	Create Pattern Region/Cell		Main Window Tracks and Various Editors	4	21	0x7e	0x0068e680	FUN_0068e680	0x3	4		yes		static array	0x025dab78	
150	Create Session Player Region/Cell		Main Window Tracks and Various Editors	4	22	0x7e	0x0068e680	FUN_0068e680	0x2	4		yes		static array	0x025dab78	
152	Populate Track with Session Player Regions		Main Window Tracks and Various Editors	4	23	0x7e	0x0120e798	FUN_0120e798	0x0	1		yes		static array	0x025dab78	
352	Go Into Folder or Region		Main Window Tracks and Various Editors	4	24	0x7e	0x00fb4a58	FUN_00fb4a58	0x0	1		yes		static array	0x025dab78	
353	Go Out of Folder or Region		Main Window Tracks and Various Editors	4	25	0x7e	0x00fb87a0	FUN_00fb87a0	0x0	1		yes		static array	0x025dab78	
346	Select All Following		Main Window Tracks and Various Editors	4	26	0x7e	0x00fb5070	FUN_00fb5070	0x0	2		yes		static array	0x025dab78	
1506	Select All Following of Same Track/Pitch		Main Window Tracks and Various Editors	4	27	0x7e	0x00fb5070	FUN_00fb5070	0x1	2		yes		static array	0x025dab78	
1599	Select All Regions/Cells of Same Track		Main Window Tracks and Various Editors	4	28	0x7e	0x00fb5270	FUN_00fb5270	0x0	1		yes		static array	0x025dab78	
341	Select All Inside Locators		Main Window Tracks and Various Editors	4	29	0x7e	0x00fb53d0	FUN_00fb53d0	0x0	2		yes		static array	0x025dab78	
379	Deselect Outside Locators		Main Window Tracks and Various Editors	4	30	0x7e	0x00fb53d0	FUN_00fb53d0	0x1	2		yes		static array	0x025dab78	
885	Deselect Global Tracks		Main Window Tracks and Various Editors	4	31	0x7e	0x008acfe4	FUN_008acfe4	0x0	1		yes		static array	0x025dab78	
342	Select Empty Regions/Cells		Main Window Tracks and Various Editors	4	32	0x7e	0x00fb5710	FUN_00fb5710	0x0	1		yes		static array	0x025dab78	
2505	Select SMPTE Locked Regions		Main Window Tracks and Various Editors	4	33	0x7e	0x00fb5850	FUN_00fb5850	0x0	1		yes		static array	0x025dab78	
343	Select Overlapped Regions/Events		Main Window Tracks and Various Editors	4	34	0x7e	0x00fb5c88	FUN_00fb5c88	0x1	7		yes		static array	0x025dab78	
345	Select Equal Regions/Events		Main Window Tracks and Various Editors	4	35	0x7e	0x00fb6004	FUN_00fb6004	0x0	5		yes		static array	0x025dab78	
344	Select Similar Regions/Events		Main Window Tracks and Various Editors	4	36	0x7e	0x00fb6004	FUN_00fb6004	0x1	5		yes		static array	0x025dab78	
399	Select Same Subpositions		Main Window Tracks and Various Editors	4	37	0x7e	0x00fb6004	FUN_00fb6004	0x3	5		yes		static array	0x025dab78	
587	Select Muted Regions/Cells/Events		Main Window Tracks and Various Editors	4	38	0x7e	0x00fb6328	FUN_00fb6328	0x0	1		yes		static array	0x025dab78	
588	Select Same-Colored Regions/Cells/Events		Main Window Tracks and Various Editors	4	39	0x7e	0x00fb6530	FUN_00fb6530	0x0	1		yes		static array	0x025dab78	
348	Select First, or Shift Marquee Selection Left		Main Window Tracks and Various Editors	4	40	0x7e	0x005fb574	FUN_005fb574	0x0	10		yes		static array	0x025dab78	
349	Select Last, or Shift Marquee Selection Right		Main Window Tracks and Various Editors	4	41	0x7e	0x005fb574	FUN_005fb574	0x1	10		yes		static array	0x025dab78	
354	Select Previous Region/Cell/Event or Move Marquee End (or Marquee Point) to Previous Transient		Main Window Tracks and Various Editors	4	42	0x7e	0x005fb574	FUN_005fb574	0x2	10		yes		static array	0x025dab78	
355	Select Next Region/Cell/Event or Move Marquee End (or Marquee Point) to Next Transient		Main Window Tracks and Various Editors	4	43	0x7e	0x005fb574	FUN_005fb574	0x3	10		yes		static array	0x025dab78	
356	Toggle Previous Region/Cell/Event or Move Marquee Start (or Extend Marquee Selection) to Previous Transient		Main Window Tracks and Various Editors	4	44	0x7e	0x005fb574	FUN_005fb574	0x4	10		yes		static array	0x025dab78	
357	Toggle Next Region/Cell/Event or Move Marquee Start (or Extend Marquee Selection) to Next Transient		Main Window Tracks and Various Editors	4	45	0x7e	0x005fb574	FUN_005fb574	0x5	10		yes		static array	0x025dab78	
1386	Select Previous Region/Cell/Event of Same Type/Number		Main Window Tracks and Various Editors	4	46	0x7e	0x005fb574	FUN_005fb574	0x6	10		yes		static array	0x025dab78	
1387	Select Next Region/Cell/Event of Same Type/Number		Main Window Tracks and Various Editors	4	47	0x7e	0x005fb574	FUN_005fb574	0x7	10		yes		static array	0x025dab78	
2499	Set Marquee to Selection		Main Window Tracks and Various Editors	4	48	0x7e	0x00fb82d4	FUN_00fb82d4	0x0	1		yes		static array	0x025dab78	
364	Scroll to Selection		Main Window Tracks and Various Editors	4	49	0x7e	0x00fb66e8	FUN_00fb66e8	0x0	1		yes		static array	0x025dab78	
111	Loop Regions/Cells/Folders On/Off		Main Window Tracks and Various Editors	4	50	0x7e	0x00fb8870	FUN_00fb8870	0x1	3		yes		static array	0x025dab78	
2273	Flex On/Off		Main Window Tracks and Various Editors	4	51	0x7e	0x00fb8870	FUN_00fb8870	0x8	3		yes		static array	0x025dab78	
1333	Reverse On/Off		Main Window Tracks and Various Editors	4	52	0x7e	0x00fb8870	FUN_00fb8870	0x1a	3		yes		static array	0x025dab78	
1402	Region Gain +1 dB		Main Window Tracks and Various Editors	4	53	0x7e	0x00fb8c24	FUN_00fb8c24	0xa	4		yes		static array	0x025dab78	
1403	Region Gain -1 dB		Main Window Tracks and Various Editors	4	54	0x7e	0x00fb8c24	FUN_00fb8c24	0xfffffffffffffff6	4		yes		static array	0x025dab78	
1404	Region Gain +0.1 dB		Main Window Tracks and Various Editors	4	55	0x7e	0x00fb8c24	FUN_00fb8c24	0x1	4		yes		static array	0x025dab78	
1405	Region Gain -0.1 dB		Main Window Tracks and Various Editors	4	56	0x7e	0x00fb8c24	FUN_00fb8c24	0xffffffffffffffff	4		yes		static array	0x025dab78	
110	Quantize Selected Regions/Cells/Events		Main Window Tracks and Various Editors	4	57	0x7e	0x005e4d44	FUN_005e4d44	0x1	38		yes		static array	0x025dab78	
377	Set Quantize Parameter to Next Value		Main Window Tracks and Various Editors	4	58	0x7e	0x005e4d44	FUN_005e4d44	0x2	38		yes		static array	0x025dab78	
378	Set Quantize Parameter to Previous Value		Main Window Tracks and Various Editors	4	59	0x7e	0x005e4d44	FUN_005e4d44	0x3	38		yes		static array	0x025dab78	
381	Dequantize		Main Window Tracks and Various Editors	4	60	0x7e	0x005e4d44	FUN_005e4d44	0x4	38		yes		static array	0x025dab78	
2783	Quantize Off		Main Window Tracks and Various Editors	4	61	0x7e	0x005e4d44	FUN_005e4d44	0x0	38		yes		static array	0x025dab78	
2750	Quantize 1/1 Note		Main Window Tracks and Various Editors	4	62	0x7e	0x005e4d44	FUN_005e4d44	0xfffffffffffffff3	38		yes		static array	0x025dab78	
2751	Quantize 1/2 Note		Main Window Tracks and Various Editors	4	63	0x7e	0x005e4d44	FUN_005e4d44	0xfffffffffffffff4	38		yes		static array	0x025dab78	
2752	Quantize 1/4 Note		Main Window Tracks and Various Editors	4	64	0x7e	0x005e4d44	FUN_005e4d44	0xfffffffffffffff6	38		yes		static array	0x025dab78	
2753	Quantize 1/8 Note		Main Window Tracks and Various Editors	4	65	0x7e	0x005e4d44	FUN_005e4d44	0xfffffffffffffff8	38		yes		static array	0x025dab78	
2754	Quantize 1/16 Note		Main Window Tracks and Various Editors	4	66	0x7e	0x005e4d44	FUN_005e4d44	0xfffffffffffffffa	38		yes		static array	0x025dab78	
2755	Quantize 1/32 Note		Main Window Tracks and Various Editors	4	67	0x7e	0x005e4d44	FUN_005e4d44	0xfffffffffffffffc	38		yes		static array	0x025dab78	
2756	Quantize 1/64 Note		Main Window Tracks and Various Editors	4	68	0x7e	0x005e4d44	FUN_005e4d44	0xfffffffffffffffe	38		yes		static array	0x025dab78	
2757	Quantize 1/2 Triplet (1/3)		Main Window Tracks and Various Editors	4	69	0x7e	0x005e4d44	FUN_005e4d44	0xfffffffffffffff5	38		yes		static array	0x025dab78	
2758	Quantize 1/4 Triplet (1/6)		Main Window Tracks and Various Editors	4	70	0x7e	0x005e4d44	FUN_005e4d44	0xfffffffffffffff7	38		yes		static array	0x025dab78	
2759	Quantize 1/8 Triplet (1/12)		Main Window Tracks and Various Editors	4	71	0x7e	0x005e4d44	FUN_005e4d44	0xfffffffffffffff9	38		yes		static array	0x025dab78	
2760	Quantize 1/16 Triplet (1/24)		Main Window Tracks and Various Editors	4	72	0x7e	0x005e4d44	FUN_005e4d44	0xfffffffffffffffb	38		yes		static array	0x025dab78	
2761	Quantize 1/32 Triplet (1/48)		Main Window Tracks and Various Editors	4	73	0x7e	0x005e4d44	FUN_005e4d44	0xfffffffffffffffd	38		yes		static array	0x025dab78	
2762	Quantize 1/64 Triplet (1/96)		Main Window Tracks and Various Editors	4	74	0x7e	0x005e4d44	FUN_005e4d44	0xffffffffffffffff	38		yes		static array	0x025dab78	
2763	Quantize 1/128 Triplet (1/192)		Main Window Tracks and Various Editors	4	75	0x7e	0x005e4d44	FUN_005e4d44	0xffffffffffffffde	38		yes		static array	0x025dab78	
2764	Quantize 1/16 Swing A		Main Window Tracks and Various Editors	4	76	0x7e	0x005e4d44	FUN_005e4d44	0xfffffffffffffff1	38		yes		static array	0x025dab78	
2765	Quantize 1/16 Swing B		Main Window Tracks and Various Editors	4	77	0x7e	0x005e4d44	FUN_005e4d44	0xfffffffffffffff0	38		yes		static array	0x025dab78	
2766	Quantize 1/16 Swing C		Main Window Tracks and Various Editors	4	78	0x7e	0x005e4d44	FUN_005e4d44	0xffffffffffffffef	38		yes		static array	0x025dab78	
2767	Quantize 1/16 Swing D		Main Window Tracks and Various Editors	4	79	0x7e	0x005e4d44	FUN_005e4d44	0xffffffffffffffee	38		yes		static array	0x025dab78	
2768	Quantize 1/16 Swing E		Main Window Tracks and Various Editors	4	80	0x7e	0x005e4d44	FUN_005e4d44	0xffffffffffffffed	38		yes		static array	0x025dab78	
2769	Quantize 1/16 Swing F		Main Window Tracks and Various Editors	4	81	0x7e	0x005e4d44	FUN_005e4d44	0xffffffffffffffec	38		yes		static array	0x025dab78	
2770	Quantize 1/8 Swing A		Main Window Tracks and Various Editors	4	82	0x7e	0x005e4d44	FUN_005e4d44	0xffffffffffffffeb	38		yes		static array	0x025dab78	
2771	Quantize 1/8 Swing B		Main Window Tracks and Various Editors	4	83	0x7e	0x005e4d44	FUN_005e4d44	0xffffffffffffffea	38		yes		static array	0x025dab78	
2772	Quantize 1/8 Swing C		Main Window Tracks and Various Editors	4	84	0x7e	0x005e4d44	FUN_005e4d44	0xffffffffffffffe9	38		yes		static array	0x025dab78	
2773	Quantize 1/8 Swing D		Main Window Tracks and Various Editors	4	85	0x7e	0x005e4d44	FUN_005e4d44	0xffffffffffffffe8	38		yes		static array	0x025dab78	
2774	Quantize 1/8 Swing E		Main Window Tracks and Various Editors	4	86	0x7e	0x005e4d44	FUN_005e4d44	0xffffffffffffffe7	38		yes		static array	0x025dab78	
2775	Quantize 1/8 Swing F		Main Window Tracks and Various Editors	4	87	0x7e	0x005e4d44	FUN_005e4d44	0xffffffffffffffe6	38		yes		static array	0x025dab78	
2776	Quantize 5-Tuplet/4		Main Window Tracks and Various Editors	4	88	0x7e	0x005e4d44	FUN_005e4d44	0xffffffffffffffe5	38		yes		static array	0x025dab78	
2777	Quantize 5-Tuplet/8		Main Window Tracks and Various Editors	4	89	0x7e	0x005e4d44	FUN_005e4d44	0xffffffffffffffe4	38		yes		static array	0x025dab78	
2778	Quantize 7-Tuplet		Main Window Tracks and Various Editors	4	90	0x7e	0x005e4d44	FUN_005e4d44	0xffffffffffffffe3	38		yes		static array	0x025dab78	
2779	Quantize 9-Tuplet		Main Window Tracks and Various Editors	4	91	0x7e	0x005e4d44	FUN_005e4d44	0xffffffffffffffe2	38		yes		static array	0x025dab78	
2780	Quantize 1/16 & 1/16 Triplet		Main Window Tracks and Various Editors	4	92	0x7e	0x005e4d44	FUN_005e4d44	0xffffffffffffffe1	38		yes		static array	0x025dab78	
2781	Quantize 1/16 & 1/8 Triplet		Main Window Tracks and Various Editors	4	93	0x7e	0x005e4d44	FUN_005e4d44	0xffffffffffffffe0	38		yes		static array	0x025dab78	
2782	Quantize 1/8 & 1/8 Triplet		Main Window Tracks and Various Editors	4	94	0x7e	0x005e4d44	FUN_005e4d44	0xffffffffffffffdf	38		yes		static array	0x025dab78	
114	Delete Duplicated MIDI Events		Main Window Tracks and Various Editors	4	95	0x7e	0x00647a78	FUN_00647a78	0x0	1		yes		static array	0x025dab78	
108	Delete MIDI Events Inside Locators		Main Window Tracks and Various Editors	4	96	0x7e	0x006a3a04	FUN_006a3a04	0x0	2		yes		static array	0x025dab78	
109	Delete MIDI Events Outside Locators		Main Window Tracks and Various Editors	4	97	0x7e	0x006a3a04	FUN_006a3a04	0x1	2		yes		static array	0x025dab78	
113	Delete MIDI Events Outside Region Boundaries		Main Window Tracks and Various Editors	4	98	0x7e	0x006a3758	FUN_006a3758	0x0	1		yes		static array	0x025dab78	
350	Delete Similar Regions/Events		Main Window Tracks and Various Editors	4	99	0x7e	0x00fb8e94	FUN_00fb8e94	0x0	3		yes		static array	0x025dab78	
351	Delete but Keep Similar Regions/Events		Main Window Tracks and Various Editors	4	100	0x7e	0x00fb8e94	FUN_00fb8e94	0x1	3		yes		static array	0x025dab78	
380	Delete and Select Next Region/Event		Main Window Tracks and Various Editors	4	101	0x7e	0x00fb8e94	FUN_00fb8e94	0x2	3		yes		static array	0x025dab78	
360	Paste at Original Position		Main Window Tracks and Various Editors	4	102	0x7e	0x005f6d34	FUN_005f6d34	0x0	1		yes		static array	0x025dab78	
383	Paste Replace		Main Window Tracks and Various Editors	4	103	0x7e	0x005f6e5c	FUN_005f6e5c	0x0	1		yes		static array	0x025dab78	
384	Delete Unselected MIDI Events Within Selection		Main Window Tracks and Various Editors	4	104	0x7e	0x00fb5c88	FUN_00fb5c88	0x4	7		yes		static array	0x025dab78	
2276	Repeat Regions/Cells/Events		Main Window Tracks and Various Editors	4	105	0x7e	0x006cce1c	FUN_006cce1c	0x1	6		yes		static array	0x025dab78	
1523	Repeat Regions/Events Multiple Times…		Main Window Tracks and Various Editors	4	106	0x7e	0x006cce1c	FUN_006cce1c	0x0	6		no: suppressed		static array	0x025dab78	
2365	Repeat Regions/Events as Alias		Main Window Tracks and Various Editors	4	107	0x7e	0x006cce1c	FUN_006cce1c	0x2	6		yes		static array	0x025dab78	
104	Set Optimal Region/Cell Lengths Rounded by Bar		Main Window Tracks and Various Editors	4	108	0x7e	0x00ffa300	FUN_00ffa300	0x0	2		yes		static array	0x025dab78	
124	Set Optimal Region/Cell Lengths Rounded by Note Value		Main Window Tracks and Various Editors	4	109	0x7e	0x00ffa300	FUN_00ffa300	0x1	2		yes		static array	0x025dab78	
2567	Double Region/Cell/Event/Chord Length		Main Window Tracks and Various Editors	4	110	0x7e	0x006cce1c	FUN_006cce1c	0x3	6		yes		static array	0x025dab78	
2568	Halve Region/Cell/Event/Chord Length		Main Window Tracks and Various Editors	4	111	0x7e	0x006cce1c	FUN_006cce1c	0x4	6		yes		static array	0x025dab78	
2578	Change Region/Cell/Event Length…		Main Window Tracks and Various Editors	4	112	0x7e	0x006cce1c	FUN_006cce1c	0x5	6		yes		static array	0x025dab78	
22	Copy MIDI Events…		Main Window Tracks and Various Editors	4	113	0x7e	0x006ccb5c	FUN_006ccb5c	0x0	1		no: suppressed		static array	0x025dab78	
1121	Regenerate		Main Window Tracks and Various Editors	4	114	0x7e	0x006cd408	FUN_006cd408	0x0	1		yes		static array	0x025dab78	
1122	Convert to MIDI Region/Cell		Main Window Tracks and Various Editors	4	115	0x7e	0x0120ecac	FUN_0120ecac	0x0	1		yes		static array	0x025dab78	
1123	Replace with Session Player Region/Cell		Main Window Tracks and Various Editors	4	116	0x7e	0x0120f184	FUN_0120f184	0x0	1		yes		static array	0x025dab78	
2566	Convert to Pattern Region/Cell		Main Window Tracks and Various Editors	4	117	0x7e	0x0120f8fc	FUN_0120f8fc	0x0	1		yes		static array	0x025dab78	
2965	Separate Pattern Region/Cell by Kit Piece		Main Window Tracks and Various Editors	4	118	0x7e	0x0121014c	FUN_0121014c	0x0	1		yes		static array	0x025dab78	
90	Join Regions/Notes		Main Window Tracks and Various Editors	4	119	0x7e	0x006a28f8	FUN_006a28f8	0x0	1		yes		static array	0x025dab78	
91	Split Regions/Events at Locators or Marquee Selection		Main Window Tracks and Various Editors	4	120	0x7e	0x0069c5ac	FUN_0069c5ac	0x0	5		yes		static array	0x025dab78	
573	Split Regions/Events at Rounded Playhead Position		Main Window Tracks and Various Editors	4	121	0x7e	0x0069c5ac	FUN_0069c5ac	0x1	5		yes		static array	0x025dab78	
574	Split Regions/Events at Playhead Position		Main Window Tracks and Various Editors	4	122	0x7e	0x0069c5ac	FUN_0069c5ac	0x2	5		yes		static array	0x025dab78	
391	Transpose KeySignature/Chord/Region/Event +1 Semitone, Nudge Automation Up 1 Step or Move Marquee Selection Up 1 Track		Main Window Tracks and Various Editors	4	123	0x7e	0x00601620	FUN_00601620	0x100	117		yes		static array	0x025dab78	
392	Transpose KeySignature/Chord/Region/Event -1 Semitone, Nudge Automation Down 1 Step or Move Marquee Selection Down 1 Track		Main Window Tracks and Various Editors	4	124	0x7e	0x00601620	FUN_00601620	0x101	117		yes		static array	0x025dab78	
1520	Transpose Region/Event +12 Semitone, Nudge Automation Up 10 Steps or Move Marquee Bottom Up 1 Track		Main Window Tracks and Various Editors	4	125	0x7e	0x00601620	FUN_00601620	0x104	117		yes		static array	0x025dab78	
1521	Transpose Region/Event -12 Semitone, Nudge Automation Down 10 Steps or Move Marquee Bottom Down 1 Track		Main Window Tracks and Various Editors	4	126	0x7e	0x00601620	FUN_00601620	0x105	117		yes		static array	0x025dab78	
358	Move Region/Event to Playhead Position (Pickup Clock)		Main Window Tracks and Various Editors	4	127	0x7e	0x00601620	FUN_00601620	0x0	117		yes		static array	0x025dab78	
359	Move Region/Event to Playhead Position and Select Next Region/Event (Pickup Clock+)		Main Window Tracks and Various Editors	4	128	0x7e	0x00601620	FUN_00601620	0x1	117		yes		static array	0x025dab78	
1500	Set Region/Event/Marquee Start to Playhead Position		Main Window Tracks and Various Editors	4	129	0x7e	0x00601620	FUN_00601620	0x106	117		yes		static array	0x025dab78	
1501	Set Region/Event/Marquee End to Playhead Position		Main Window Tracks and Various Editors	4	130	0x7e	0x00601620	FUN_00601620	0x107	117		yes		static array	0x025dab78	
332	Nudge Region/Event/Marquee Position Right by Nudge Value		Main Window Tracks and Various Editors	4	131	0x7e	0x00601620	FUN_00601620	0xf	117		yes		static array	0x025dab78	
333	Nudge Region/Event/Marquee Position Left by Nudge Value		Main Window Tracks and Various Editors	4	132	0x7e	0x00601620	FUN_00601620	0x2f	117		yes		static array	0x025dab78	
367	Nudge Region/Event Position Right by Tick		Main Window Tracks and Various Editors	4	133	0x7e	0x00601620	FUN_00601620	0x3	117		yes		static array	0x025dab78	
368	Nudge Region/Event Position Left by Tick		Main Window Tracks and Various Editors	4	134	0x7e	0x00601620	FUN_00601620	0x23	117		yes		static array	0x025dab78	
369	Nudge Region/Event Position Right by Division		Main Window Tracks and Various Editors	4	135	0x7e	0x00601620	FUN_00601620	0x4	117		yes		static array	0x025dab78	
370	Nudge Region/Event Position Left by Division		Main Window Tracks and Various Editors	4	136	0x7e	0x00601620	FUN_00601620	0x24	117		yes		static array	0x025dab78	
371	Nudge Region/Event Position Right by Beat		Main Window Tracks and Various Editors	4	137	0x7e	0x00601620	FUN_00601620	0x5	117		yes		static array	0x025dab78	
372	Nudge Region/Event Position Left by Beat		Main Window Tracks and Various Editors	4	138	0x7e	0x00601620	FUN_00601620	0x25	117		yes		static array	0x025dab78	
373	Nudge Region/Event Position Right by Bar		Main Window Tracks and Various Editors	4	139	0x7e	0x00601620	FUN_00601620	0x6	117		yes		static array	0x025dab78	
374	Nudge Region/Event Position Left by Bar		Main Window Tracks and Various Editors	4	140	0x7e	0x00601620	FUN_00601620	0x26	117		yes		static array	0x025dab78	
365	Nudge Region/Event Position Right by SMPTE Frame		Main Window Tracks and Various Editors	4	141	0x7e	0x00601620	FUN_00601620	0x2	117		yes		static array	0x025dab78	
366	Nudge Region/Event Position Left by SMPTE Frame		Main Window Tracks and Various Editors	4	142	0x7e	0x00601620	FUN_00601620	0x22	117		yes		static array	0x025dab78	
375	Nudge Region/Event Position Right by SMPTE Bit		Main Window Tracks and Various Editors	4	143	0x7e	0x00601620	FUN_00601620	0x7	117		yes		static array	0x025dab78	
376	Nudge Region/Event Position Left by SMPTE Bit		Main Window Tracks and Various Editors	4	144	0x7e	0x00601620	FUN_00601620	0x27	117		yes		static array	0x025dab78	
393	Nudge Region/Event Position Right by 1/2 SMPTE Frame		Main Window Tracks and Various Editors	4	145	0x7e	0x00601620	FUN_00601620	0x8	117		yes		static array	0x025dab78	
394	Nudge Region/Event Position Left by 1/2 SMPTE Frame		Main Window Tracks and Various Editors	4	146	0x7e	0x00601620	FUN_00601620	0x28	117		yes		static array	0x025dab78	
395	Nudge Region/Event Position Right by 5 SMPTE Frames		Main Window Tracks and Various Editors	4	147	0x7e	0x00601620	FUN_00601620	0x9	117		yes		static array	0x025dab78	
396	Nudge Region/Event Position Left by 5 SMPTE Frames		Main Window Tracks and Various Editors	4	148	0x7e	0x00601620	FUN_00601620	0x29	117		yes		static array	0x025dab78	
1529	Nudge Region/Event Position Right by Sample		Main Window Tracks and Various Editors	4	149	0x7e	0x00601620	FUN_00601620	0xa	117		yes		static array	0x025dab78	
1530	Nudge Region/Event Position Left by Sample		Main Window Tracks and Various Editors	4	150	0x7e	0x00601620	FUN_00601620	0x2a	117		yes		static array	0x025dab78	
1574	Nudge Region/Event Position Right by 1 ms		Main Window Tracks and Various Editors	4	151	0x7e	0x00601620	FUN_00601620	0xb	117		yes		static array	0x025dab78	
1575	Nudge Region/Event Position Left by 1 ms		Main Window Tracks and Various Editors	4	152	0x7e	0x00601620	FUN_00601620	0x2b	117		yes		static array	0x025dab78	
1579	Nudge Region/Event Position Right by 10 ms		Main Window Tracks and Various Editors	4	153	0x7e	0x00601620	FUN_00601620	0xc	117		yes		static array	0x025dab78	
1580	Nudge Region/Event Position Left by 10 ms		Main Window Tracks and Various Editors	4	154	0x7e	0x00601620	FUN_00601620	0x2c	117		yes		static array	0x025dab78	
1527	Nudge Region/Event/Marquee Length Right by Nudge Value		Main Window Tracks and Various Editors	4	155	0x7e	0x00601620	FUN_00601620	0x1f	117		yes		static array	0x025dab78	
1528	Nudge Region/Event/Marquee Length Left by Nudge Value		Main Window Tracks and Various Editors	4	156	0x7e	0x00601620	FUN_00601620	0x3f	117		yes		static array	0x025dab78	
385	Nudge Region/Event Length Right by Tick		Main Window Tracks and Various Editors	4	157	0x7e	0x00601620	FUN_00601620	0x13	117		yes		static array	0x025dab78	
386	Nudge Region/Event Length Left by Tick		Main Window Tracks and Various Editors	4	158	0x7e	0x00601620	FUN_00601620	0x33	117		yes		static array	0x025dab78	
387	Nudge Region/Event Length Right by Division		Main Window Tracks and Various Editors	4	159	0x7e	0x00601620	FUN_00601620	0x14	117		yes		static array	0x025dab78	
388	Nudge Region/Event Length Left by Division		Main Window Tracks and Various Editors	4	160	0x7e	0x00601620	FUN_00601620	0x34	117		yes		static array	0x025dab78	
1502	Nudge Region/Event Length Right by Beat		Main Window Tracks and Various Editors	4	161	0x7e	0x00601620	FUN_00601620	0x15	117		yes		static array	0x025dab78	
1503	Nudge Region/Event Length Left by Beat		Main Window Tracks and Various Editors	4	162	0x7e	0x00601620	FUN_00601620	0x35	117		yes		static array	0x025dab78	
1504	Nudge Region/Event Length Right by Bar		Main Window Tracks and Various Editors	4	163	0x7e	0x00601620	FUN_00601620	0x16	117		yes		static array	0x025dab78	
1505	Nudge Region/Event Length Left by Bar		Main Window Tracks and Various Editors	4	164	0x7e	0x00601620	FUN_00601620	0x36	117		yes		static array	0x025dab78	
389	Nudge Region/Event Length Right by SMPTE Frame		Main Window Tracks and Various Editors	4	165	0x7e	0x00601620	FUN_00601620	0x12	117		yes		static array	0x025dab78	
390	Nudge Region/Event Length Left by SMPTE Frame		Main Window Tracks and Various Editors	4	166	0x7e	0x00601620	FUN_00601620	0x32	117		yes		static array	0x025dab78	
1531	Nudge Region/Event Length Right by SMPTE Bit		Main Window Tracks and Various Editors	4	167	0x7e	0x00601620	FUN_00601620	0x17	117		yes		static array	0x025dab78	
1532	Nudge Region/Event Length Left by SMPTE Bit		Main Window Tracks and Various Editors	4	168	0x7e	0x00601620	FUN_00601620	0x37	117		yes		static array	0x025dab78	
1533	Nudge Region/Event Length Right by 1/2 SMPTE Frame		Main Window Tracks and Various Editors	4	169	0x7e	0x00601620	FUN_00601620	0x18	117		yes		static array	0x025dab78	
1534	Nudge Region/Event Length Left by 1/2 SMPTE Frame		Main Window Tracks and Various Editors	4	170	0x7e	0x00601620	FUN_00601620	0x38	117		yes		static array	0x025dab78	
1535	Nudge Region/Event Length Right by 5 SMPTE Frames		Main Window Tracks and Various Editors	4	171	0x7e	0x00601620	FUN_00601620	0x19	117		yes		static array	0x025dab78	
1536	Nudge Region/Event Length Left by 5 SMPTE Frames		Main Window Tracks and Various Editors	4	172	0x7e	0x00601620	FUN_00601620	0x39	117		yes		static array	0x025dab78	
1537	Nudge Region/Event Length Right by Sample		Main Window Tracks and Various Editors	4	173	0x7e	0x00601620	FUN_00601620	0x1a	117		yes		static array	0x025dab78	
1538	Nudge Region/Event Length Left by Sample		Main Window Tracks and Various Editors	4	174	0x7e	0x00601620	FUN_00601620	0x3a	117		yes		static array	0x025dab78	
1576	Nudge Region/Event Length Right by 1 ms		Main Window Tracks and Various Editors	4	175	0x7e	0x00601620	FUN_00601620	0x1b	117		yes		static array	0x025dab78	
1577	Nudge Region/Event Length Left by 1 ms		Main Window Tracks and Various Editors	4	176	0x7e	0x00601620	FUN_00601620	0x3b	117		yes		static array	0x025dab78	
1581	Nudge Region/Event Length Right by 10 ms		Main Window Tracks and Various Editors	4	177	0x7e	0x00601620	FUN_00601620	0x1c	117		yes		static array	0x025dab78	
1582	Nudge Region/Event Length Left by 10 ms		Main Window Tracks and Various Editors	4	178	0x7e	0x00601620	FUN_00601620	0x3c	117		yes		static array	0x025dab78	
2584	Slip Right by Nudge Value		Main Window Tracks and Various Editors	4	179	0x7e	0x00601620	FUN_00601620	0x4f	117		yes		static array	0x025dab78	
2583	Slip Left by Nudge Value		Main Window Tracks and Various Editors	4	180	0x7e	0x00601620	FUN_00601620	0x6f	117		yes		static array	0x025dab78	
2586	Rotate Right by Nudge Value		Main Window Tracks and Various Editors	4	181	0x7e	0x00601620	FUN_00601620	0x8f	117		yes		static array	0x025dab78	
2585	Rotate Left by Nudge Value		Main Window Tracks and Various Editors	4	182	0x7e	0x00601620	FUN_00601620	0xaf	117		yes		static array	0x025dab78	
2400	Apply Transform User Preset  1 to selected Events		Main Window Tracks and Various Editors	4	183	0x7e	0x00fb776c	FUN_00fb776c	0x1	30		yes		static array	0x025dab78	
2401	Apply Transform User Preset  2 to selected Events		Main Window Tracks and Various Editors	4	184	0x7e	0x00fb776c	FUN_00fb776c	0x2	30		yes		static array	0x025dab78	
2402	Apply Transform User Preset  3 to selected Events		Main Window Tracks and Various Editors	4	185	0x7e	0x00fb776c	FUN_00fb776c	0x3	30		yes		static array	0x025dab78	
2403	Apply Transform User Preset  4 to selected Events		Main Window Tracks and Various Editors	4	186	0x7e	0x00fb776c	FUN_00fb776c	0x4	30		yes		static array	0x025dab78	
2404	Apply Transform User Preset  5 to selected Events		Main Window Tracks and Various Editors	4	187	0x7e	0x00fb776c	FUN_00fb776c	0x5	30		yes		static array	0x025dab78	
2405	Apply Transform User Preset  6 to selected Events		Main Window Tracks and Various Editors	4	188	0x7e	0x00fb776c	FUN_00fb776c	0x6	30		yes		static array	0x025dab78	
2406	Apply Transform User Preset  7 to selected Events		Main Window Tracks and Various Editors	4	189	0x7e	0x00fb776c	FUN_00fb776c	0x7	30		yes		static array	0x025dab78	
2407	Apply Transform User Preset  8 to selected Events		Main Window Tracks and Various Editors	4	190	0x7e	0x00fb776c	FUN_00fb776c	0x8	30		yes		static array	0x025dab78	
2408	Apply Transform User Preset  9 to selected Events		Main Window Tracks and Various Editors	4	191	0x7e	0x00fb776c	FUN_00fb776c	0x9	30		yes		static array	0x025dab78	
2409	Apply Transform User Preset 10 to selected Events		Main Window Tracks and Various Editors	4	192	0x7e	0x00fb776c	FUN_00fb776c	0xa	30		yes		static array	0x025dab78	
2410	Apply Transform User Preset 11 to selected Events		Main Window Tracks and Various Editors	4	193	0x7e	0x00fb776c	FUN_00fb776c	0xb	30		yes		static array	0x025dab78	
2411	Apply Transform User Preset 12 to selected Events		Main Window Tracks and Various Editors	4	194	0x7e	0x00fb776c	FUN_00fb776c	0xc	30		yes		static array	0x025dab78	
2412	Apply Transform User Preset 13 to selected Events		Main Window Tracks and Various Editors	4	195	0x7e	0x00fb776c	FUN_00fb776c	0xd	30		yes		static array	0x025dab78	
2413	Apply Transform User Preset 14 to selected Events		Main Window Tracks and Various Editors	4	196	0x7e	0x00fb776c	FUN_00fb776c	0xe	30		yes		static array	0x025dab78	
2414	Apply Transform User Preset 15 to selected Events		Main Window Tracks and Various Editors	4	197	0x7e	0x00fb776c	FUN_00fb776c	0xf	30		yes		static array	0x025dab78	
2415	Apply Transform User Preset 16 to selected Events		Main Window Tracks and Various Editors	4	198	0x7e	0x00fb776c	FUN_00fb776c	0x10	30		yes		static array	0x025dab78	
2416	Apply Transform User Preset 17 to selected Events		Main Window Tracks and Various Editors	4	199	0x7e	0x00fb776c	FUN_00fb776c	0x11	30		yes		static array	0x025dab78	
2417	Apply Transform User Preset 18 to selected Events		Main Window Tracks and Various Editors	4	200	0x7e	0x00fb776c	FUN_00fb776c	0x12	30		yes		static array	0x025dab78	
2418	Apply Transform User Preset 19 to selected Events		Main Window Tracks and Various Editors	4	201	0x7e	0x00fb776c	FUN_00fb776c	0x13	30		yes		static array	0x025dab78	
2419	Apply Transform User Preset 20 to selected Events		Main Window Tracks and Various Editors	4	202	0x7e	0x00fb776c	FUN_00fb776c	0x14	30		yes		static array	0x025dab78	
2420	Apply Transform User Preset 21 to selected Events		Main Window Tracks and Various Editors	4	203	0x7e	0x00fb776c	FUN_00fb776c	0x15	30		yes		static array	0x025dab78	
2421	Apply Transform User Preset 22 to selected Events		Main Window Tracks and Various Editors	4	204	0x7e	0x00fb776c	FUN_00fb776c	0x16	30		yes		static array	0x025dab78	
2422	Apply Transform User Preset 23 to selected Events		Main Window Tracks and Various Editors	4	205	0x7e	0x00fb776c	FUN_00fb776c	0x17	30		yes		static array	0x025dab78	
2423	Apply Transform User Preset 24 to selected Events		Main Window Tracks and Various Editors	4	206	0x7e	0x00fb776c	FUN_00fb776c	0x18	30		yes		static array	0x025dab78	
2424	Apply Transform User Preset 25 to selected Events		Main Window Tracks and Various Editors	4	207	0x7e	0x00fb776c	FUN_00fb776c	0x19	30		yes		static array	0x025dab78	
2425	Apply Transform User Preset 26 to selected Events		Main Window Tracks and Various Editors	4	208	0x7e	0x00fb776c	FUN_00fb776c	0x1a	30		yes		static array	0x025dab78	
2426	Apply Transform User Preset 27 to selected Events		Main Window Tracks and Various Editors	4	209	0x7e	0x00fb776c	FUN_00fb776c	0x1b	30		yes		static array	0x025dab78	
2427	Apply Transform User Preset 28 to selected Events		Main Window Tracks and Various Editors	4	210	0x7e	0x00fb776c	FUN_00fb776c	0x1c	30		yes		static array	0x025dab78	
2428	Apply Transform User Preset 29 to selected Events		Main Window Tracks and Various Editors	4	211	0x7e	0x00fb776c	FUN_00fb776c	0x1d	30		yes		static array	0x025dab78	
2429	Apply Transform User Preset 30 to selected Events		Main Window Tracks and Various Editors	4	212	0x7e	0x00fb776c	FUN_00fb776c	0x1e	30		yes		static array	0x025dab78	
2702	Select And Operate using Transform User Preset  1		Main Window Tracks and Various Editors	4	213	0x7e	0x00fb78e0	FUN_00fb78e0	0x1	30		yes		static array	0x025dab78	
2703	Select And Operate using Transform User Preset  2		Main Window Tracks and Various Editors	4	214	0x7e	0x00fb78e0	FUN_00fb78e0	0x2	30		yes		static array	0x025dab78	
2704	Select And Operate using Transform User Preset  3		Main Window Tracks and Various Editors	4	215	0x7e	0x00fb78e0	FUN_00fb78e0	0x3	30		yes		static array	0x025dab78	
2705	Select And Operate using Transform User Preset  4		Main Window Tracks and Various Editors	4	216	0x7e	0x00fb78e0	FUN_00fb78e0	0x4	30		yes		static array	0x025dab78	
2706	Select And Operate using Transform User Preset  5		Main Window Tracks and Various Editors	4	217	0x7e	0x00fb78e0	FUN_00fb78e0	0x5	30		yes		static array	0x025dab78	
2707	Select And Operate using Transform User Preset  6		Main Window Tracks and Various Editors	4	218	0x7e	0x00fb78e0	FUN_00fb78e0	0x6	30		yes		static array	0x025dab78	
2708	Select And Operate using Transform User Preset  7		Main Window Tracks and Various Editors	4	219	0x7e	0x00fb78e0	FUN_00fb78e0	0x7	30		yes		static array	0x025dab78	
2709	Select And Operate using Transform User Preset  8		Main Window Tracks and Various Editors	4	220	0x7e	0x00fb78e0	FUN_00fb78e0	0x8	30		yes		static array	0x025dab78	
2710	Select And Operate using Transform User Preset  9		Main Window Tracks and Various Editors	4	221	0x7e	0x00fb78e0	FUN_00fb78e0	0x9	30		yes		static array	0x025dab78	
2711	Select And Operate using Transform User Preset 10		Main Window Tracks and Various Editors	4	222	0x7e	0x00fb78e0	FUN_00fb78e0	0xa	30		yes		static array	0x025dab78	
2712	Select And Operate using Transform User Preset 11		Main Window Tracks and Various Editors	4	223	0x7e	0x00fb78e0	FUN_00fb78e0	0xb	30		yes		static array	0x025dab78	
2713	Select And Operate using Transform User Preset 12		Main Window Tracks and Various Editors	4	224	0x7e	0x00fb78e0	FUN_00fb78e0	0xc	30		yes		static array	0x025dab78	
2714	Select And Operate using Transform User Preset 13		Main Window Tracks and Various Editors	4	225	0x7e	0x00fb78e0	FUN_00fb78e0	0xd	30		yes		static array	0x025dab78	
2715	Select And Operate using Transform User Preset 14		Main Window Tracks and Various Editors	4	226	0x7e	0x00fb78e0	FUN_00fb78e0	0xe	30		yes		static array	0x025dab78	
2716	Select And Operate using Transform User Preset 15		Main Window Tracks and Various Editors	4	227	0x7e	0x00fb78e0	FUN_00fb78e0	0xf	30		yes		static array	0x025dab78	
2717	Select And Operate using Transform User Preset 16		Main Window Tracks and Various Editors	4	228	0x7e	0x00fb78e0	FUN_00fb78e0	0x10	30		yes		static array	0x025dab78	
2718	Select And Operate using Transform User Preset 17		Main Window Tracks and Various Editors	4	229	0x7e	0x00fb78e0	FUN_00fb78e0	0x11	30		yes		static array	0x025dab78	
2719	Select And Operate using Transform User Preset 18		Main Window Tracks and Various Editors	4	230	0x7e	0x00fb78e0	FUN_00fb78e0	0x12	30		yes		static array	0x025dab78	
2720	Select And Operate using Transform User Preset 19		Main Window Tracks and Various Editors	4	231	0x7e	0x00fb78e0	FUN_00fb78e0	0x13	30		yes		static array	0x025dab78	
2721	Select And Operate using Transform User Preset 20		Main Window Tracks and Various Editors	4	232	0x7e	0x00fb78e0	FUN_00fb78e0	0x14	30		yes		static array	0x025dab78	
2722	Select And Operate using Transform User Preset 21		Main Window Tracks and Various Editors	4	233	0x7e	0x00fb78e0	FUN_00fb78e0	0x15	30		yes		static array	0x025dab78	
2723	Select And Operate using Transform User Preset 22		Main Window Tracks and Various Editors	4	234	0x7e	0x00fb78e0	FUN_00fb78e0	0x16	30		yes		static array	0x025dab78	
2724	Select And Operate using Transform User Preset 23		Main Window Tracks and Various Editors	4	235	0x7e	0x00fb78e0	FUN_00fb78e0	0x17	30		yes		static array	0x025dab78	
2725	Select And Operate using Transform User Preset 24		Main Window Tracks and Various Editors	4	236	0x7e	0x00fb78e0	FUN_00fb78e0	0x18	30		yes		static array	0x025dab78	
2726	Select And Operate using Transform User Preset 25		Main Window Tracks and Various Editors	4	237	0x7e	0x00fb78e0	FUN_00fb78e0	0x19	30		yes		static array	0x025dab78	
2727	Select And Operate using Transform User Preset 26		Main Window Tracks and Various Editors	4	238	0x7e	0x00fb78e0	FUN_00fb78e0	0x1a	30		yes		static array	0x025dab78	
2728	Select And Operate using Transform User Preset 27		Main Window Tracks and Various Editors	4	239	0x7e	0x00fb78e0	FUN_00fb78e0	0x1b	30		yes		static array	0x025dab78	
2729	Select And Operate using Transform User Preset 28		Main Window Tracks and Various Editors	4	240	0x7e	0x00fb78e0	FUN_00fb78e0	0x1c	30		yes		static array	0x025dab78	
2730	Select And Operate using Transform User Preset 29		Main Window Tracks and Various Editors	4	241	0x7e	0x00fb78e0	FUN_00fb78e0	0x1d	30		yes		static array	0x025dab78	
2731	Select And Operate using Transform User Preset 30		Main Window Tracks and Various Editors	4	242	0x7e	0x00fb78e0	FUN_00fb78e0	0x1e	30		yes		static array	0x025dab78	
2274	Open Track Stack		Main Window Tracks and Various Editors	4	243	0x7e	0x00fb7c18	FUN_00fb7c18	0x1	4		yes		static array	0x025dab78	
2275	Close Track Stack		Main Window Tracks and Various Editors	4	244	0x7e	0x00fb7c18	FUN_00fb7c18	0x0	4		yes		static array	0x025dab78	
2279	Open/Close Track Stack		Main Window Tracks and Various Editors	4	245	0x7e	0x00fb7c18	FUN_00fb7c18	0xffffffffffffffff	4		yes		static array	0x025dab78	
2361	Open/Close All Track Stacks		Main Window Tracks and Various Editors	4	246	0x7e	0x00fb7c18	FUN_00fb7c18	0xfffffffffffffffe	4		yes		static array	0x025dab78	
60	Mute Notes/Regions/Cells/Folders On/Off		Main Window Tracks and Various Editors	4	247	0x7e	0x0068fb70	FUN_0068fb70	0x0	1		yes		static array	0x025dab78	
361	Unlock SMPTE Position		Main Window Tracks and Various Editors	4	248	0x7e	0x0084518c	FUN_0084518c	0x0	3		yes		static array	0x025dab78	
362	Lock SMPTE Position		Main Window Tracks and Various Editors	4	249	0x7e	0x0084518c	FUN_0084518c	0x2	3		yes		static array	0x025dab78	
2501	Lock/Unlock SMPTE Position		Main Window Tracks and Various Editors	4	250	0x7e	0x0084518c	FUN_0084518c	0x3	3		yes		static array	0x025dab78	
1406	Convert to Scene Marker		Main Window Tracks and Various Editors	4	251	0x7e	0x017a92b8	FUN_017a92b8	0x2	2		yes		static array	0x025dab78	
1407	Convert to Standard Marker		Main Window Tracks and Various Editors	4	252	0x7e	0x017a92b8	FUN_017a92b8	0x0	2		yes		static array	0x025dab78	
1507	Snap Mode: Smart		Main Window Tracks and Various Editors	4	253	0x7e	0x00fb7144	FUN_00fb7144	0x0	37		yes		static array	0x025dab78	
1508	Snap Mode: Bar		Main Window Tracks and Various Editors	4	254	0x7e	0x00fb7144	FUN_00fb7144	0x1	37		yes		static array	0x025dab78	
1509	Snap Mode: Beat		Main Window Tracks and Various Editors	4	255	0x7e	0x00fb7144	FUN_00fb7144	0x2	37		yes		static array	0x025dab78	
1510	Snap Mode: Division		Main Window Tracks and Various Editors	4	256	0x7e	0x00fb7144	FUN_00fb7144	0x3	37		yes		static array	0x025dab78	
1511	Snap Mode: Ticks		Main Window Tracks and Various Editors	4	257	0x7e	0x00fb7144	FUN_00fb7144	0x4	37		yes		static array	0x025dab78	
2508	Snap Mode: 1/1 Note		Main Window Tracks and Various Editors	4	258	0x7e	0x00fb7144	FUN_00fb7144	0x8	37		yes		static array	0x025dab78	
2509	Snap Mode: 1/2 Note		Main Window Tracks and Various Editors	4	259	0x7e	0x00fb7144	FUN_00fb7144	0x9	37		yes		static array	0x025dab78	
2510	Snap Mode: 1/4 Note		Main Window Tracks and Various Editors	4	260	0x7e	0x00fb7144	FUN_00fb7144	0xa	37		yes		static array	0x025dab78	
2511	Snap Mode: 1/8 Note		Main Window Tracks and Various Editors	4	261	0x7e	0x00fb7144	FUN_00fb7144	0xb	37		yes		static array	0x025dab78	
2512	Snap Mode: 1/16 Note		Main Window Tracks and Various Editors	4	262	0x7e	0x00fb7144	FUN_00fb7144	0xc	37		yes		static array	0x025dab78	
2513	Snap Mode: 1/32 Note		Main Window Tracks and Various Editors	4	263	0x7e	0x00fb7144	FUN_00fb7144	0xd	37		yes		static array	0x025dab78	
2514	Snap Mode: 1/64 Note		Main Window Tracks and Various Editors	4	264	0x7e	0x00fb7144	FUN_00fb7144	0xe	37		yes		static array	0x025dab78	
2515	Snap Mode: 1/2 Triplet (1/3)		Main Window Tracks and Various Editors	4	265	0x7e	0x00fb7144	FUN_00fb7144	0xf	37		yes		static array	0x025dab78	
2516	Snap Mode: 1/4 Triplet (1/6)		Main Window Tracks and Various Editors	4	266	0x7e	0x00fb7144	FUN_00fb7144	0x10	37		yes		static array	0x025dab78	
2517	Snap Mode: 1/8 Triplet (1/12)		Main Window Tracks and Various Editors	4	267	0x7e	0x00fb7144	FUN_00fb7144	0x11	37		yes		static array	0x025dab78	
2518	Snap Mode: 1/16 Triplet (1/24)		Main Window Tracks and Various Editors	4	268	0x7e	0x00fb7144	FUN_00fb7144	0x12	37		yes		static array	0x025dab78	
2519	Snap Mode: 1/32 Triplet (1/48)		Main Window Tracks and Various Editors	4	269	0x7e	0x00fb7144	FUN_00fb7144	0x13	37		yes		static array	0x025dab78	
2520	Snap Mode: 1/64 Triplet (1/96)		Main Window Tracks and Various Editors	4	270	0x7e	0x00fb7144	FUN_00fb7144	0x14	37		yes		static array	0x025dab78	
1512	Snap Mode: Frames		Main Window Tracks and Various Editors	4	271	0x7e	0x00fb7144	FUN_00fb7144	0x5	37		yes		static array	0x025dab78	
1513	Snap Mode: Quarter Frames		Main Window Tracks and Various Editors	4	272	0x7e	0x00fb7144	FUN_00fb7144	0x6	37		yes		static array	0x025dab78	
1514	Snap Mode: Samples		Main Window Tracks and Various Editors	4	273	0x7e	0x00fb7144	FUN_00fb7144	0x7	37		yes		static array	0x025dab78	
2503	Snap Mode: Off		Main Window Tracks and Various Editors	4	274	0x7e	0x00fb7144	FUN_00fb7144	0x16	37		yes		static array	0x025dab78	
2504	Snap to Grid		Main Window Tracks and Various Editors	4	275	0x7e	0x00fb74e4	FUN_00fb74e4	0x0	1		yes		static array	0x025dab78	
2500	Snap Quick Swipe Comping		Main Window Tracks and Various Editors	4	276	0x7e	0x00fb9128	FUN_00fb9128	0x8	3		yes		static array	0x025dab78	
2526	Snap Flexed Audio Regions by First Downbeat		Main Window Tracks and Various Editors	4	277	0x7e	0x00fb9128	FUN_00fb9128	0x10	3		yes		static array	0x025dab78	
1525	Snap Regions to Absolute/Relative Value		Main Window Tracks and Various Editors	4	278	0x7e	0x00fb92f8	FUN_00fb92f8	0x0	1		yes		static array	0x025dab78	
2506	Snap Regions to Absolute Value		Main Window Tracks and Various Editors	4	279	0x7e	0x00fb94c8	FUN_00fb94c8	0x0	1		yes		static array	0x025dab78	
2507	Snap Regions to Relative Value		Main Window Tracks and Various Editors	4	280	0x7e	0x00fb95d0	FUN_00fb95d0	0x0	1		yes		static array	0x025dab78	
2521	Snap Mode: As Time Quantization		Main Window Tracks and Various Editors	4	281	0x7e	0x00fb7144	FUN_00fb7144	0x15	37		yes		static array	0x025dab78	
119	Shuffle Left		Main Window Tracks and Various Editors	4	282	0x7e	0x00fb5c88	FUN_00fb5c88	0x6	7		yes		static array	0x025dab78	
1770	Shuffle Right		Main Window Tracks and Various Editors	4	283	0x7e	0x00fb5c88	FUN_00fb5c88	0x7	7		yes		static array	0x025dab78	
1151	Bounce…		Main Window Tracks and Various Editors	4	284	0x7e	0x00fcac14	FUN_00fcac14	0x0	1		yes		static array	0x025dab78	
329	Create Tempo Change		Main Window Tracks and Various Editors	4	285	0x7e	0x00fb7f70	FUN_00fb7f70	0x0	1		yes		static array	0x025dab78	
327	Create Time Signature Change		Main Window Tracks and Various Editors	4	286	0x7e	0x00fb7d9c	FUN_00fb7d9c	0x0	2		yes		static array	0x025dab78	
328	Create Key Signature Change		Main Window Tracks and Various Editors	4	287	0x7e	0x00fb7d9c	FUN_00fb7d9c	0x1	2		yes		static array	0x025dab78	
330	Create Chord		Main Window Tracks and Various Editors	4	288	0x7e	0x00fb807c	FUN_00fb807c	0x0	1		yes		static array	0x025dab78	
2547	Open Articulation Editor		Main Window Tracks and Various Editors	4	289	0x7e	0x00fb8540	FUN_00fb8540	0x0	1		yes		static array	0x025dab78	
363	Select Same Channels		Various Editors	5	0	0x7d	0x00fb6004	FUN_00fb6004	0x2	5		yes		static array	0x025ddc38	
2502	Select Same Articulation		Various Editors	5	1	0x7d	0x00fb6004	FUN_00fb6004	0x5	5		yes		static array	0x025ddc38	
311	Trim Note End to Remove Overlaps to Following Notes (8 Ticks Gap)		Various Editors	5	2	0x7d	0x00fb6860	FUN_00fb6860	0x0	11		yes		static array	0x025ddc38	
312	Trim Note End to Following Notes (8 Ticks Gap)		Various Editors	5	3	0x7d	0x00fb6860	FUN_00fb6860	0x1	11		yes		static array	0x025ddc38	
317	Trim Note End to Following Notes (4 Ticks Overlap)		Various Editors	5	4	0x7d	0x00fb6860	FUN_00fb6860	0x2	11		yes		static array	0x025ddc38	
320	Select Highest Notes		Various Editors	5	5	0x7d	0x00fb6860	FUN_00fb6860	0x3	11		yes		static array	0x025ddc38	
321	Select Lowest Notes		Various Editors	5	6	0x7d	0x00fb6860	FUN_00fb6860	0x4	11		yes		static array	0x025ddc38	
322	Set MIDI Channel to Voice Number		Various Editors	5	7	0x7d	0x00fb6860	FUN_00fb6860	0x5	11		yes		static array	0x025ddc38	
382	Convert Sustain Pedal to Note Length		Various Editors	5	8	0x7d	0x00fb6860	FUN_00fb6860	0x6	11		yes		static array	0x025ddc38	
323	Trim Note End to Remove Overlaps to Selected Notes (8 Ticks Gap)		Various Editors	5	9	0x7d	0x00fb6860	FUN_00fb6860	0x7	11		yes		static array	0x025ddc38	
324	Trim Note End to Selected Notes (8 Ticks Gap)		Various Editors	5	10	0x7d	0x00fb6860	FUN_00fb6860	0x8	11		yes		static array	0x025ddc38	
318	Trim Note End to Selected Notes (4 Ticks Overlap)		Various Editors	5	11	0x7d	0x00fb6860	FUN_00fb6860	0x9	11		yes		static array	0x025ddc38	
325	Trim Note End to Remove Overlaps to Repeated Notes (8 Ticks Gap)		Various Editors	5	12	0x7d	0x00fb6860	FUN_00fb6860	0xa	11		yes		static array	0x025ddc38	
397	Event Channel +1		Various Editors	5	13	0x7d	0x00601620	FUN_00601620	0x102	117		yes		static array	0x025ddc38	
398	Event Channel -1		Various Editors	5	14	0x7d	0x00601620	FUN_00601620	0x103	117		yes		static array	0x025ddc38	
1551	Event Channel =  1		Various Editors	5	15	0x7d	0x00601620	FUN_00601620	0x110	117		yes		static array	0x025ddc38	
1552	Event Channel =  2		Various Editors	5	16	0x7d	0x00601620	FUN_00601620	0x111	117		yes		static array	0x025ddc38	
1553	Event Channel =  3		Various Editors	5	17	0x7d	0x00601620	FUN_00601620	0x112	117		yes		static array	0x025ddc38	
1554	Event Channel =  4		Various Editors	5	18	0x7d	0x00601620	FUN_00601620	0x113	117		yes		static array	0x025ddc38	
1555	Event Channel =  5		Various Editors	5	19	0x7d	0x00601620	FUN_00601620	0x114	117		yes		static array	0x025ddc38	
1556	Event Channel =  6		Various Editors	5	20	0x7d	0x00601620	FUN_00601620	0x115	117		yes		static array	0x025ddc38	
1557	Event Channel =  7		Various Editors	5	21	0x7d	0x00601620	FUN_00601620	0x116	117		yes		static array	0x025ddc38	
1558	Event Channel =  8		Various Editors	5	22	0x7d	0x00601620	FUN_00601620	0x117	117		yes		static array	0x025ddc38	
1559	Event Channel =  9		Various Editors	5	23	0x7d	0x00601620	FUN_00601620	0x118	117		yes		static array	0x025ddc38	
1560	Event Channel = 10		Various Editors	5	24	0x7d	0x00601620	FUN_00601620	0x119	117		yes		static array	0x025ddc38	
1561	Event Channel = 11		Various Editors	5	25	0x7d	0x00601620	FUN_00601620	0x11a	117		yes		static array	0x025ddc38	
1562	Event Channel = 12		Various Editors	5	26	0x7d	0x00601620	FUN_00601620	0x11b	117		yes		static array	0x025ddc38	
1563	Event Channel = 13		Various Editors	5	27	0x7d	0x00601620	FUN_00601620	0x11c	117		yes		static array	0x025ddc38	
1564	Event Channel = 14		Various Editors	5	28	0x7d	0x00601620	FUN_00601620	0x11d	117		yes		static array	0x025ddc38	
1565	Event Channel = 15		Various Editors	5	29	0x7d	0x00601620	FUN_00601620	0x11e	117		yes		static array	0x025ddc38	
1566	Event Channel = 16		Various Editors	5	30	0x7d	0x00601620	FUN_00601620	0x11f	117		yes		static array	0x025ddc38	
3197	Set Next Articulation		Various Editors	5	31	0x7d	0x00601620	FUN_00601620	0x221	117		yes		static array	0x025ddc38	
3198	Set Previous Articulation		Various Editors	5	32	0x7d	0x00601620	FUN_00601620	0x222	117		yes		static array	0x025ddc38	
3199	Set No Articulation		Various Editors	5	33	0x7d	0x00601620	FUN_00601620	0x220	117		yes		static array	0x025ddc38	
3132	Set Articulation  1		Various Editors	5	34	0x7d	0x00601620	FUN_00601620	0x200	117		yes		static array	0x025ddc38	
3133	Set Articulation  2		Various Editors	5	35	0x7d	0x00601620	FUN_00601620	0x201	117		yes		static array	0x025ddc38	
3134	Set Articulation  3		Various Editors	5	36	0x7d	0x00601620	FUN_00601620	0x202	117		yes		static array	0x025ddc38	
3135	Set Articulation  4		Various Editors	5	37	0x7d	0x00601620	FUN_00601620	0x203	117		yes		static array	0x025ddc38	
3136	Set Articulation  5		Various Editors	5	38	0x7d	0x00601620	FUN_00601620	0x204	117		yes		static array	0x025ddc38	
3137	Set Articulation  6		Various Editors	5	39	0x7d	0x00601620	FUN_00601620	0x205	117		yes		static array	0x025ddc38	
3138	Set Articulation  7		Various Editors	5	40	0x7d	0x00601620	FUN_00601620	0x206	117		yes		static array	0x025ddc38	
3139	Set Articulation  8		Various Editors	5	41	0x7d	0x00601620	FUN_00601620	0x207	117		yes		static array	0x025ddc38	
3140	Set Articulation  9		Various Editors	5	42	0x7d	0x00601620	FUN_00601620	0x208	117		yes		static array	0x025ddc38	
3141	Set Articulation 10		Various Editors	5	43	0x7d	0x00601620	FUN_00601620	0x209	117		yes		static array	0x025ddc38	
3142	Set Articulation 11		Various Editors	5	44	0x7d	0x00601620	FUN_00601620	0x20a	117		yes		static array	0x025ddc38	
3143	Set Articulation 12		Various Editors	5	45	0x7d	0x00601620	FUN_00601620	0x20b	117		yes		static array	0x025ddc38	
3144	Set Articulation 13		Various Editors	5	46	0x7d	0x00601620	FUN_00601620	0x20c	117		yes		static array	0x025ddc38	
3145	Set Articulation 14		Various Editors	5	47	0x7d	0x00601620	FUN_00601620	0x20d	117		yes		static array	0x025ddc38	
3146	Set Articulation 15		Various Editors	5	48	0x7d	0x00601620	FUN_00601620	0x20e	117		yes		static array	0x025ddc38	
3147	Set Articulation 16		Various Editors	5	49	0x7d	0x00601620	FUN_00601620	0x20f	117		yes		static array	0x025ddc38	
3148	Set Articulation 17		Various Editors	5	50	0x7d	0x00601620	FUN_00601620	0x210	117		yes		static array	0x025ddc38	
3149	Set Articulation 18		Various Editors	5	51	0x7d	0x00601620	FUN_00601620	0x211	117		yes		static array	0x025ddc38	
3150	Set Articulation 19		Various Editors	5	52	0x7d	0x00601620	FUN_00601620	0x212	117		yes		static array	0x025ddc38	
3151	Set Articulation 20		Various Editors	5	53	0x7d	0x00601620	FUN_00601620	0x213	117		yes		static array	0x025ddc38	
3152	Set Articulation 21		Various Editors	5	54	0x7d	0x00601620	FUN_00601620	0x214	117		yes		static array	0x025ddc38	
3153	Set Articulation 22		Various Editors	5	55	0x7d	0x00601620	FUN_00601620	0x215	117		yes		static array	0x025ddc38	
3154	Set Articulation 23		Various Editors	5	56	0x7d	0x00601620	FUN_00601620	0x216	117		yes		static array	0x025ddc38	
3155	Set Articulation 24		Various Editors	5	57	0x7d	0x00601620	FUN_00601620	0x217	117		yes		static array	0x025ddc38	
3156	Set Articulation 25		Various Editors	5	58	0x7d	0x00601620	FUN_00601620	0x218	117		yes		static array	0x025ddc38	
3157	Set Articulation 26		Various Editors	5	59	0x7d	0x00601620	FUN_00601620	0x219	117		yes		static array	0x025ddc38	
3158	Set Articulation 27		Various Editors	5	60	0x7d	0x00601620	FUN_00601620	0x21a	117		yes		static array	0x025ddc38	
3159	Set Articulation 28		Various Editors	5	61	0x7d	0x00601620	FUN_00601620	0x21b	117		yes		static array	0x025ddc38	
3160	Set Articulation 29		Various Editors	5	62	0x7d	0x00601620	FUN_00601620	0x21c	117		yes		static array	0x025ddc38	
3161	Set Articulation 30		Various Editors	5	63	0x7d	0x00601620	FUN_00601620	0x21d	117		yes		static array	0x025ddc38	
3162	Set Articulation 31		Various Editors	5	64	0x7d	0x00601620	FUN_00601620	0x21e	117		yes		static array	0x025ddc38	
3163	Set Articulation 32		Various Editors	5	65	0x7d	0x00601620	FUN_00601620	0x21f	117		yes		static array	0x025ddc38	
302	Show Event Position and Length as Time or Bars/Beats		Various Editors	5	66	0x7d	0x00602688	FUN_00602688	0x0	1		yes		static array	0x025ddc38	
1522	Secondary Ruler		Views Showing Time Ruler	6	0	0x7c	0x00fb7a54	FUN_00fb7a54	0x0	1		yes		static array	0x022ee5c0	
898	Show/Hide Grid Lines		Views Showing Time Ruler	6	1	0x7c	0x006a6304	FUN_006a6304	0x0	1		yes		static array	0x022ee5c0	
1055	Show/Hide Chords		Views Showing Time Ruler	6	2	0x7c	0x006a6728	FUN_006a6728	0x0	1		yes		static array	0x022ee5c0	
884	Scroll in Play		Views Showing Time Ruler	6	3	0x7c	0x00f2a550	FUN_00f2a550	0x0	1		yes		static array	0x022ee5c0	
893	Show/Hide Global Tracks		Views Showing Time Ruler	6	4	0x7c	0x00f3e424	FUN_00f3e424	0x0	1		yes		static array	0x022ee5c0	
883	Configure Global Tracks…		Views Showing Time Ruler	6	5	0x7c	0x00f3fab0	FUN_00f3fab0	0x0	1		yes		static array	0x022ee5c0	
3336	Show Single Global Track On/Off		Views Showing Time Ruler	6	6	0x7c	0x00f3fc60	FUN_00f3fc60	0x0	1		yes		static array	0x022ee5c0	
899	Show/Hide Arrangement Track		Views Showing Time Ruler	6	7	0x7c	0x00f3e92c	FUN_00f3e92c	0x7	7		yes		static array	0x022ee5c0	
888	Show/Hide Marker Track		Views Showing Time Ruler	6	8	0x7c	0x00f3e92c	FUN_00f3e92c	0x4	7		yes		static array	0x022ee5c0	
887	Show/Hide Movie Track		Views Showing Time Ruler	6	9	0x7c	0x00f3e92c	FUN_00f3e92c	0x5	7		yes		static array	0x022ee5c0	
894	Show/Hide Signature Track		Views Showing Time Ruler	6	10	0x7c	0x00f3e92c	FUN_00f3e92c	0x2	7		yes		static array	0x022ee5c0	
895	Show/Hide Tempo Track		Views Showing Time Ruler	6	11	0x7c	0x00f3e92c	FUN_00f3e92c	0x1	7		yes		static array	0x022ee5c0	
896	Show/Hide Chord Track		Views Showing Time Ruler	6	12	0x7c	0x00f3e92c	FUN_00f3e92c	0x3	7		yes		static array	0x022ee5c0	
897	Show/Hide Beat Mapping Track		Views Showing Time Ruler	6	13	0x7c	0x00f3e92c	FUN_00f3e92c	0x0	7		yes		static array	0x022ee5c0	
2247	Show/Hide Arrangement Track Only		Views Showing Time Ruler	6	14	0x7c	0x00f3f05c	FUN_00f3f05c	0x7	7		yes		static array	0x022ee5c0	
2244	Show/Hide Marker Track Only		Views Showing Time Ruler	6	15	0x7c	0x00f3f05c	FUN_00f3f05c	0x4	7		yes		static array	0x022ee5c0	
2245	Show/Hide Movie Track Only		Views Showing Time Ruler	6	16	0x7c	0x00f3f05c	FUN_00f3f05c	0x5	7		yes		static array	0x022ee5c0	
2240	Show/Hide Signature Track Only		Views Showing Time Ruler	6	17	0x7c	0x00f3f05c	FUN_00f3f05c	0x2	7		yes		static array	0x022ee5c0	
2241	Show/Hide Tempo Track Only		Views Showing Time Ruler	6	18	0x7c	0x00f3f05c	FUN_00f3f05c	0x1	7		yes		static array	0x022ee5c0	
2242	Show/Hide Chord Track Only		Views Showing Time Ruler	6	19	0x7c	0x00f3f05c	FUN_00f3f05c	0x3	7		yes		static array	0x022ee5c0	
2243	Show/Hide Beat Mapping Track Only		Views Showing Time Ruler	6	20	0x7c	0x00f3f05c	FUN_00f3f05c	0x0	7		yes		static array	0x022ee5c0	
2296	Cycle Through Single Global Tracks		Views Showing Time Ruler	6	21	0x7c	0x00f3fdf4	FUN_00f3fdf4	0x0	1		yes		static array	0x022ee5c0	
890	Hide All Global Tracks		Views Showing Time Ruler	6	22	0x7c	0x00f3f7a4	FUN_00f3f7a4	0x0	1		yes		static array	0x022ee5c0	
889	Show All Global Tracks		Views Showing Time Ruler	6	23	0x7c	0x00f3f9d0	FUN_00f3f9d0	0x0	1		yes		static array	0x022ee5c0	
2352	Tempo Track: Extend Left		Views Showing Time Ruler	6	24	0x7c	0x0090ea8c	FUN_0090ea8c	0x0	1		yes		static array	0x022ee5c0	
2353	Tempo Track: Replace By Average		Views Showing Time Ruler	6	25	0x7c	0x0090ee8c	FUN_0090ee8c	0x0	1		yes		static array	0x022ee5c0	
2431	Tempo Track: Set Time For Last Selected Tempo		Views Showing Time Ruler	6	26	0x7c	0x0090ec8c	FUN_0090ec8c	0x0	1		yes		static array	0x022ee5c0	
555	Region Automation: Volume		Views Showing Time Ruler	6	27	0x7c	0x006a9b08	FUN_006a9b08	0x7	33		yes		static array	0x022ee5c0	
556	Region Automation: Panorama		Views Showing Time Ruler	6	28	0x7c	0x006a9b08	FUN_006a9b08	0xa	33		yes		static array	0x022ee5c0	
2200	Region Automation: Balance		Views Showing Time Ruler	6	29	0x7c	0x006a9b08	FUN_006a9b08	0x8	33		yes		static array	0x022ee5c0	
559	Region Automation: Modulation		Views Showing Time Ruler	6	30	0x7c	0x006a9b08	FUN_006a9b08	0x1	33		yes		static array	0x022ee5c0	
2201	Region Automation: Breath		Views Showing Time Ruler	6	31	0x7c	0x006a9b08	FUN_006a9b08	0x2	33		yes		static array	0x022ee5c0	
2202	Region Automation: Foot Control		Views Showing Time Ruler	6	32	0x7c	0x006a9b08	FUN_006a9b08	0x4	33		yes		static array	0x022ee5c0	
2203	Region Automation: Portamento Time		Views Showing Time Ruler	6	33	0x7c	0x006a9b08	FUN_006a9b08	0x5	33		yes		static array	0x022ee5c0	
2204	Region Automation: Expression		Views Showing Time Ruler	6	34	0x7c	0x006a9b08	FUN_006a9b08	0xb	33		yes		static array	0x022ee5c0	
2205	Region Automation: Sustain Pedal		Views Showing Time Ruler	6	35	0x7c	0x006a9b08	FUN_006a9b08	0x40	33		yes		static array	0x022ee5c0	
2213	Region Automation: Control Change 20		Views Showing Time Ruler	6	36	0x7c	0x006a9b08	FUN_006a9b08	0x14	33		yes		static array	0x022ee5c0	
2214	Region Automation: Control Change 21		Views Showing Time Ruler	6	37	0x7c	0x006a9b08	FUN_006a9b08	0x15	33		yes		static array	0x022ee5c0	
2215	Region Automation: Control Change 22		Views Showing Time Ruler	6	38	0x7c	0x006a9b08	FUN_006a9b08	0x16	33		yes		static array	0x022ee5c0	
2216	Region Automation: Control Change 23		Views Showing Time Ruler	6	39	0x7c	0x006a9b08	FUN_006a9b08	0x17	33		yes		static array	0x022ee5c0	
2217	Region Automation: Control Change 24		Views Showing Time Ruler	6	40	0x7c	0x006a9b08	FUN_006a9b08	0x18	33		yes		static array	0x022ee5c0	
2218	Region Automation: Control Change 25		Views Showing Time Ruler	6	41	0x7c	0x006a9b08	FUN_006a9b08	0x19	33		yes		static array	0x022ee5c0	
2219	Region Automation: Control Change 26		Views Showing Time Ruler	6	42	0x7c	0x006a9b08	FUN_006a9b08	0x1a	33		yes		static array	0x022ee5c0	
2220	Region Automation: Control Change 27		Views Showing Time Ruler	6	43	0x7c	0x006a9b08	FUN_006a9b08	0x1b	33		yes		static array	0x022ee5c0	
2221	Region Automation: Control Change 28		Views Showing Time Ruler	6	44	0x7c	0x006a9b08	FUN_006a9b08	0x1c	33		yes		static array	0x022ee5c0	
2222	Region Automation: Control Change 29		Views Showing Time Ruler	6	45	0x7c	0x006a9b08	FUN_006a9b08	0x1d	33		yes		static array	0x022ee5c0	
2223	Region Automation: Control Change 30		Views Showing Time Ruler	6	46	0x7c	0x006a9b08	FUN_006a9b08	0x1e	33		yes		static array	0x022ee5c0	
2224	Region Automation: Control Change 31		Views Showing Time Ruler	6	47	0x7c	0x006a9b08	FUN_006a9b08	0x1f	33		yes		static array	0x022ee5c0	
2364	Region Automation: Control Change 32		Views Showing Time Ruler	6	48	0x7c	0x006a9b08	FUN_006a9b08	0x20	33		yes		static array	0x022ee5c0	
2206	Region Automation: Surround Angle		Views Showing Time Ruler	6	49	0x7c	0x006a9b08	FUN_006a9b08	0x200019	33		yes		static array	0x022ee5c0	
2295	Region Automation: Surround Elevation		Views Showing Time Ruler	6	50	0x7c	0x006a9b08	FUN_006a9b08	0x20000e	33		yes		static array	0x022ee5c0	
2207	Region Automation: Surround Diversity		Views Showing Time Ruler	6	51	0x7c	0x006a9b08	FUN_006a9b08	0x20001a	33		yes		static array	0x022ee5c0	
2208	Region Automation: Surround LFE		Views Showing Time Ruler	6	52	0x7c	0x006a9b08	FUN_006a9b08	0x20001b	33		yes		static array	0x022ee5c0	
3314	Cut Chords		Views Showing Time Ruler	6	53	0x7c	0x01341158	FUN_01341158	0x0	2		yes		static array	0x022ee5c0	
3315	Copy Chords		Views Showing Time Ruler	6	54	0x7c	0x013412bc	FUN_013412bc	0x0	2		yes		static array	0x022ee5c0	
3316	Paste Chords		Views Showing Time Ruler	6	55	0x7c	0x01343c94	FUN_01343c94	0x0	2		yes		static array	0x022ee5c0	
3317	Delete Chords		Views Showing Time Ruler	6	56	0x7c	0x01341940	FUN_01341940	0x0	2		yes		static array	0x022ee5c0	
3324	Cut All Chords		Views Showing Time Ruler	6	57	0x7c	0x01341158	FUN_01341158	0x1	2		yes		static array	0x022ee5c0	
3325	Copy All Chords		Views Showing Time Ruler	6	58	0x7c	0x013412bc	FUN_013412bc	0x1	2		yes		static array	0x022ee5c0	
3326	Paste All Chords		Views Showing Time Ruler	6	59	0x7c	0x01343c94	FUN_01343c94	0x1	2		yes		static array	0x022ee5c0	
3327	Delete All Chords		Views Showing Time Ruler	6	60	0x7c	0x01341940	FUN_01341940	0x1	2		yes		static array	0x022ee5c0	
3319	Edit Chord…		Views Showing Time Ruler	6	61	0x7c	0x013446f0	FUN_013446f0	0x1	1		yes		static array	0x022ee5c0	
3321	Group Chords		Views Showing Time Ruler	6	62	0x7c	0x013435c0	FUN_013435c0	0x0	2		yes		static array	0x022ee5c0	
3320	Ungroup Chords		Views Showing Time Ruler	6	63	0x7c	0x013435c0	FUN_013435c0	0x1	2		yes		static array	0x022ee5c0	
3330	Select All Chord Groups		Views Showing Time Ruler	6	64	0x7c	0x0134273c	FUN_0134273c	0x0	4		yes		static array	0x022ee5c0	
3331	Select All Chord Groups In Cycle Range		Views Showing Time Ruler	6	65	0x7c	0x0134273c	FUN_0134273c	0x1	4		yes		static array	0x022ee5c0	
3335	Select All Chords In Cycle Range		Views Showing Time Ruler	6	66	0x7c	0x0134273c	FUN_0134273c	0x2	4		yes		static array	0x022ee5c0	
3337	Select All Chords		Views Showing Time Ruler	6	67	0x7c	0x0134273c	FUN_0134273c	0x3	4		yes		static array	0x022ee5c0	
3311	Select All Region Chords		Views Showing Time Ruler	6	68	0x7c	0x013457c4	FUN_013457c4	0x0	1		yes		static array	0x022ee5c0	
3313	Halve Chord Rhythm		Views Showing Time Ruler	6	69	0x7c	0x01345be8	FUN_01345be8	0x0	2		yes		static array	0x022ee5c0	
3312	Double Chord Rhythm		Views Showing Time Ruler	6	70	0x7c	0x01345be8	FUN_01345be8	0x1	2		yes		static array	0x022ee5c0	
3333	Transpose Chords +1 Semitone		Views Showing Time Ruler	6	71	0x7c	0x01347148	FUN_01347148	0x1	2		yes		static array	0x022ee5c0	
3334	Transpose Chords -1 Semitone		Views Showing Time Ruler	6	72	0x7c	0x01347148	FUN_01347148	0xffffffffffffffff	2		yes		static array	0x022ee5c0	
3323	Follow Global Chord Track		Views Showing Time Ruler	6	73	0x7c	0x01344de0	FUN_01344de0	0x0	2		yes		static array	0x022ee5c0	
3328	Follow Region Chords		Views Showing Time Ruler	6	74	0x7c	0x01344de0	FUN_01344de0	0x1	2		yes		static array	0x022ee5c0	
3332	Create Chord		Views Showing Time Ruler	6	75	0x7c	0x01343354	FUN_01343354	0x0	1		yes		static array	0x022ee5c0	
2209	Region Automation: Aftertouch		Views Showing Time Ruler	6	76	0x7c	0x006a9b08	FUN_006a9b08	0x8001	33		yes		static array	0x022ee5c0	
595	Region Automation: Pitch Bend		Views Showing Time Ruler	6	77	0x7c	0x006a9b08	FUN_006a9b08	0x8002	33		yes		static array	0x022ee5c0	
2210	Region Automation: Program Change		Views Showing Time Ruler	6	78	0x7c	0x006a9b08	FUN_006a9b08	0x8003	33		yes		static array	0x022ee5c0	
596	Region Automation: Note Velocity		Views Showing Time Ruler	6	79	0x7c	0x006a9b08	FUN_006a9b08	0x8005	33		yes		static array	0x022ee5c0	
1380	Automation: Toggle Track/Region		Views Showing Automation	7	0	0x7b	0x006a9b08	FUN_006a9b08	0x8007	33		yes		static array	0x025dd8c8	
577	Automation: Cycle Through Used Parameters		Views Showing Automation	7	1	0x7b	0x006a9b08	FUN_006a9b08	0x8004	33		yes		static array	0x025dd8c8	
554	Automation: Display Off		Views Showing Automation	7	2	0x7b	0x006a9b08	FUN_006a9b08	0x8000	33		yes		static array	0x025dd8c8	
1524	Snap Automation		Views Showing Automation	7	3	0x7b	0x00fb9128	FUN_00fb9128	0x1	3		yes		static array	0x025dd8c8	
2484	Snap Automation Mode: Automatic		Views Showing Automation	7	4	0x7b	0x00fb7144	FUN_00fb7144	0x64	37		yes		static array	0x025dd8c8	
2485	Snap Automation Mode: Bar		Views Showing Automation	7	5	0x7b	0x00fb7144	FUN_00fb7144	0x65	37		yes		static array	0x025dd8c8	
2486	Snap Automation Mode: 1/2 Note		Views Showing Automation	7	6	0x7b	0x00fb7144	FUN_00fb7144	0x6d	37		yes		static array	0x025dd8c8	
2487	Snap Automation Mode: 1/4 Note		Views Showing Automation	7	7	0x7b	0x00fb7144	FUN_00fb7144	0x6e	37		yes		static array	0x025dd8c8	
2488	Snap Automation Mode: 1/8 Note		Views Showing Automation	7	8	0x7b	0x00fb7144	FUN_00fb7144	0x6f	37		yes		static array	0x025dd8c8	
2489	Snap Automation Mode: 1/16 Note		Views Showing Automation	7	9	0x7b	0x00fb7144	FUN_00fb7144	0x70	37		yes		static array	0x025dd8c8	
2490	Snap Automation Mode: 1/32 Note		Views Showing Automation	7	10	0x7b	0x00fb7144	FUN_00fb7144	0x71	37		yes		static array	0x025dd8c8	
2491	Snap Automation Mode: 1/64 Note		Views Showing Automation	7	11	0x7b	0x00fb7144	FUN_00fb7144	0x72	37		yes		static array	0x025dd8c8	
2492	Snap Automation Mode: 1/2 Triplet (1/3)		Views Showing Automation	7	12	0x7b	0x00fb7144	FUN_00fb7144	0x73	37		yes		static array	0x025dd8c8	
2493	Snap Automation Mode: 1/4 Triplet (1/6)		Views Showing Automation	7	13	0x7b	0x00fb7144	FUN_00fb7144	0x74	37		yes		static array	0x025dd8c8	
2494	Snap Automation Mode: 1/8 Triplet (1/12)		Views Showing Automation	7	14	0x7b	0x00fb7144	FUN_00fb7144	0x75	37		yes		static array	0x025dd8c8	
2495	Snap Automation Mode: 1/16 Triplet (1/24)		Views Showing Automation	7	15	0x7b	0x00fb7144	FUN_00fb7144	0x76	37		yes		static array	0x025dd8c8	
2496	Snap Automation Mode: 1/32 Triplet (1/48)		Views Showing Automation	7	16	0x7b	0x00fb7144	FUN_00fb7144	0x77	37		yes		static array	0x025dd8c8	
2497	Snap Automation Mode: 1/64 Triplet (1/96)		Views Showing Automation	7	17	0x7b	0x00fb7144	FUN_00fb7144	0x78	37		yes		static array	0x025dd8c8	
2522	Nudge Automation Up 1 Step		Views Showing Automation	7	18	0x7b	0x00601620	FUN_00601620	0x108	117		yes		static array	0x025dd8c8	
2523	Nudge Automation Down 1 Step		Views Showing Automation	7	19	0x7b	0x00601620	FUN_00601620	0x109	117		yes		static array	0x025dd8c8	
2524	Nudge Automation Up 10 Steps		Views Showing Automation	7	20	0x7b	0x00601620	FUN_00601620	0x10a	117		yes		static array	0x025dd8c8	
2525	Nudge Automation Down 10 Steps		Views Showing Automation	7	21	0x7b	0x00601620	FUN_00601620	0x10b	117		yes		static array	0x025dd8c8	
2533	Select All Tracks		Main Window Tracks	8	0	0x7049	0x01005d3c	FUN_01005d3c	0x0	18		yes		constructor	FUN_01003904	
2534	Select Unused Tracks		Main Window Tracks	8	1	0x7049	0x01005d3c	FUN_01005d3c	0x1	18		yes		constructor	FUN_01003904	
2535	Select Muted Tracks		Main Window Tracks	8	2	0x7049	0x01005d3c	FUN_01005d3c	0x2	18		yes		constructor	FUN_01003904	
2536	Select Soloed Tracks		Main Window Tracks	8	3	0x7049	0x01005d3c	FUN_01005d3c	0x3	18		yes		constructor	FUN_01003904	
2396	Select Frozen Tracks		Main Window Tracks	8	4	0x7049	0x01005d3c	FUN_01005d3c	0x4	18		yes		constructor	FUN_01003904	
2537	Select Same-Colored Tracks		Main Window Tracks	8	5	0x7049	0x01005d3c	FUN_01005d3c	0x5	18		yes		constructor	FUN_01003904	
2538	Select Instrument Tracks		Main Window Tracks	8	6	0x7049	0x01005d3c	FUN_01005d3c	0x6	18		yes		constructor	FUN_01003904	
2539	Select MIDI Tracks		Main Window Tracks	8	7	0x7049	0x01005d3c	FUN_01005d3c	0x7	18		yes		constructor	FUN_01003904	
2540	Select Audio Tracks		Main Window Tracks	8	8	0x7049	0x01005d3c	FUN_01005d3c	0x8	18		yes		constructor	FUN_01003904	
2542	Select Aux Tracks		Main Window Tracks	8	9	0x7049	0x01005d3c	FUN_01005d3c	0xa	18		yes		constructor	FUN_01003904	
2543	Select Sub/VCA Tracks		Main Window Tracks	8	10	0x7049	0x01005d3c	FUN_01005d3c	0xb	18		yes		constructor	FUN_01003904	
2544	Select Summing Stack Tracks		Main Window Tracks	8	11	0x7049	0x01005d3c	FUN_01005d3c	0xc	18		yes		constructor	FUN_01003904	
2545	Select Folder Stack Tracks		Main Window Tracks	8	12	0x7049	0x01005d3c	FUN_01005d3c	0xd	18		yes		constructor	FUN_01003904	
2546	Select Folder Tracks		Main Window Tracks	8	13	0x7049	0x01005d3c	FUN_01005d3c	0xe	18		yes		constructor	FUN_01003904	
3902	Select Next Newer Track		Main Window Tracks	8	14	0x7049	0x01005d3c	FUN_01005d3c	0xf	18		yes		constructor	FUN_01003904	
3903	Select Next Older Track		Main Window Tracks	8	15	0x7049	0x01005d3c	FUN_01005d3c	0x10	18		yes		constructor	FUN_01003904	
3900	Select Newest Track		Main Window Tracks	8	16	0x7049	0x01005d3c	FUN_01005d3c	0x11	18		yes		constructor	FUN_01003904	
3901	Select Oldest Track		Main Window Tracks	8	17	0x7049	0x01005d3c	FUN_01005d3c	0x12	18		yes		constructor	FUN_01003904	
3906	Select Next Newer Region		Main Window Tracks	8	18	0x7049	0x01006838	FUN_01006838	0x0	8		yes		constructor	FUN_01003904	
3907	Select Next Older Region		Main Window Tracks	8	19	0x7049	0x01006838	FUN_01006838	0x1	8		yes		constructor	FUN_01003904	
3904	Select Newest Region		Main Window Tracks	8	20	0x7049	0x01006838	FUN_01006838	0x2	8		yes		constructor	FUN_01003904	
3905	Select Oldest Region		Main Window Tracks	8	21	0x7049	0x01006838	FUN_01006838	0x3	8		yes		constructor	FUN_01003904	
3910	Select Next Modified Region		Main Window Tracks	8	22	0x7049	0x01006838	FUN_01006838	0x4	8		yes		constructor	FUN_01003904	
3911	Select Previous Modified Region		Main Window Tracks	8	23	0x7049	0x01006838	FUN_01006838	0x5	8		yes		constructor	FUN_01003904	
3908	Select First Modified Region		Main Window Tracks	8	24	0x7049	0x01006838	FUN_01006838	0x6	8		yes		constructor	FUN_01003904	
3909	Select Last Modified Region		Main Window Tracks	8	25	0x7049	0x01006838	FUN_01006838	0x7	8		yes		constructor	FUN_01003904	
1785	Extend Track Selection Up		Main Window Tracks	8	26	0x7049	0x010070dc	FUN_010070dc	0x0	4		yes		constructor	FUN_01003904	
1786	Extend Track Selection Down		Main Window Tracks	8	27	0x7049	0x010070dc	FUN_010070dc	0x1	4		yes		constructor	FUN_01003904	
1787	Extend Track Selection to Top		Main Window Tracks	8	28	0x7049	0x010070dc	FUN_010070dc	0x2	4		yes		constructor	FUN_01003904	
1788	Extend Track Selection to Bottom		Main Window Tracks	8	29	0x7049	0x010070dc	FUN_010070dc	0x3	4		yes		constructor	FUN_01003904	
82	Select Previous Region/Cell on Focused Track		Main Window Tracks	8	30	0x7049	0x01007364	FUN_01007364	0x0	2		yes		constructor	FUN_01003904	
83	Select Next Region/Cell on Focused Track		Main Window Tracks	8	31	0x7049	0x01007364	FUN_01007364	0x1	2		yes		constructor	FUN_01003904	
1053	Fill Chord Track from selected Regions		Main Window Tracks	8	32	0x7049	0x016b3268	FUN_016b3268	0x0	1		yes		constructor	FUN_01003904	
570	Deselect All Regions/Cells except on Focused Track		Main Window Tracks	8	33	0x7049	0x010077b4	FUN_010077b4	0x0	1		yes		constructor	FUN_01003904	
84	Pack Folder		Main Window Tracks	8	34	0x7049	0x01007920	FUN_01007920	0x0	1		yes		constructor	FUN_01003904	
85	Unpack Take Folder to Independent Tracks or Unpack Folder/Take Cell to New Tracks		Main Window Tracks	8	35	0x7049	0x00fee28c	FUN_00fee28c	0x0	4		yes		constructor	FUN_01003904	
1717	Unpack Take Folder to Independent Tracks (mute inactive) or Unpack Folder/Take Cell to Existing Tracks		Main Window Tracks	8	36	0x7049	0x00fee28c	FUN_00fee28c	0x1	4		yes		constructor	FUN_01003904	
1856	Unpack Take Folder to Tracks with same channel		Main Window Tracks	8	37	0x7049	0x00fee28c	FUN_00fee28c	0x2	4		yes		constructor	FUN_01003904	
1857	Unpack Take Folder to Track Alternatives		Main Window Tracks	8	38	0x7049	0x00fee28c	FUN_00fee28c	0x3	4		yes		constructor	FUN_01003904	
1258	Create 1 Track Automation Point at Region Borders		Main Window Tracks	8	39	0x7049	0x008105b4	FUN_008105b4	0x0	4		yes		constructor	FUN_01003904	
1259	Create 2 Track Automation Points at Region Borders		Main Window Tracks	8	40	0x7049	0x008105b4	FUN_008105b4	0x1	4		yes		constructor	FUN_01003904	
1301	Create 1 Track Automation Point at Every Region Border		Main Window Tracks	8	41	0x7049	0x008105b4	FUN_008105b4	0x2	4		yes		constructor	FUN_01003904	
1302	Create 2 Track Automation Points at Every Region Border		Main Window Tracks	8	42	0x7049	0x008105b4	FUN_008105b4	0x3	4		yes		constructor	FUN_01003904	
1256	Delete Redundant Automation Points		Main Window Tracks	8	43	0x7049	0x007f8364	FUN_007f8364	0x0	1		yes		constructor	FUN_01003904	
1037	Delete Visible Automation on Selected Tracks		Main Window Tracks	8	44	0x7049	0x007fd910	FUN_007fd910	0x0	1		yes		constructor	FUN_01003904	
1038	Delete All Automation on Selected Tracks		Main Window Tracks	8	45	0x7049	0x007fbe18	FUN_007fbe18	0x0	1		yes		constructor	FUN_01003904	
1193	Delete Orphaned Automation on Selected Tracks		Main Window Tracks	8	46	0x7049	0x007fe200	FUN_007fe200	0x0	1		yes		constructor	FUN_01003904	
1039	Delete All Track Automation		Main Window Tracks	8	47	0x7049	0x007fd0f0	FUN_007fd0f0	0x0	1		yes		constructor	FUN_01003904	
1043	Move Visible Region Data to Track Automation		Main Window Tracks	8	48	0x7049	0x008022cc	FUN_008022cc	0x3	4		yes		constructor	FUN_01003904	
1044	Move Visible Track Automation to Region		Main Window Tracks	8	49	0x7049	0x008022cc	FUN_008022cc	0x5	4		yes		constructor	FUN_01003904	
1045	Move All Region Data to Track Automation		Main Window Tracks	8	50	0x7049	0x008022cc	FUN_008022cc	0x4	4		yes		constructor	FUN_01003904	
1046	Move All Track Automation to Region		Main Window Tracks	8	51	0x7049	0x008022cc	FUN_008022cc	0x6	4		yes		constructor	FUN_01003904	
1328	Delete All Region Automation		Main Window Tracks	8	52	0x7049	0x00800fd0	FUN_00800fd0	0x0	1		yes		constructor	FUN_01003904	
1729	Pack Take Folder		Main Window Tracks	8	53	0x7049	0x00fa4ad4	FUN_00fa4ad4	0x0	1		yes		constructor	FUN_01003904	
1737	Un/disclose Take Folder		Main Window Tracks	8	54	0x7049	0x00fa2f54	FUN_00fa2f54	0x0	1		yes		constructor	FUN_01003904	
1738	Flatten Take Folder/Cell		Main Window Tracks	8	55	0x7049	0x00fa2790	FUN_00fa2790	0x0	2		yes		constructor	FUN_01003904	
1739	Flatten and Merge Take Folder/Cell		Main Window Tracks	8	56	0x7049	0x00fa2790	FUN_00fa2790	0x1	2		yes		constructor	FUN_01003904	
1863	Create New Empty MIDI Take		Main Window Tracks	8	57	0x7049	0x00fa1d88	FUN_00fa1d88	0x0	2		yes		constructor	FUN_01003904	
1864	Duplicate Active MIDI Take		Main Window Tracks	8	58	0x7049	0x00fa1d88	FUN_00fa1d88	0x1	2		yes		constructor	FUN_01003904	
1740	Rename Take or Comp		Main Window Tracks	8	59	0x7049	0x00fa490c	FUN_00fa490c	0x0	1		yes		constructor	FUN_01003904	
1741	Delete Take or Comp		Main Window Tracks	8	60	0x7049	0x00fa3140	FUN_00fa3140	0x0	1		yes		constructor	FUN_01003904	
1742	Export Active Take or Comp to New Track		Main Window Tracks	8	61	0x7049	0x00fa46ac	FUN_00fa46ac	0x0	2		yes		constructor	FUN_01003904	
1746	Move Active Take or Comp to New Track		Main Window Tracks	8	62	0x7049	0x00fa46ac	FUN_00fa46ac	0x1	2		yes		constructor	FUN_01003904	
1745	Toggle Take Folder Quick Swipe Comping Mode		Main Window Tracks	8	63	0x7049	0x00fa59c4	FUN_00fa59c4	0x0	1		yes		constructor	FUN_01003904	
1747	Create New Comp		Main Window Tracks	8	64	0x7049	0x00fa4cb8	FUN_00fa4cb8	0x0	1		yes		constructor	FUN_01003904	
1754	Select Previous Take or Comp		Main Window Tracks	8	65	0x7049	0x00fa635c	FUN_00fa635c	0x0	2		yes		constructor	FUN_01003904	
1755	Select Next Take or Comp		Main Window Tracks	8	66	0x7049	0x00fa635c	FUN_00fa635c	0x1	2		yes		constructor	FUN_01003904	
1766	Slice at Comp Section Borders		Main Window Tracks	8	67	0x7049	0x00fa5c98	FUN_00fa5c98	0x0	1		yes		constructor	FUN_01003904	
1767	Trim to Active Comp Sections		Main Window Tracks	8	68	0x7049	0x00fa605c	FUN_00fa605c	0x0	1		yes		constructor	FUN_01003904	
115	New Tracks for Overlapped Regions		Main Window Tracks	8	69	0x7049	0x00fedbf4	FUN_00fedbf4	0x0	1		yes		constructor	FUN_01003904	
562	New Tracks for Selected Regions		Main Window Tracks	8	70	0x7049	0x00fb1014	FUN_00fb1014	0x0	1		yes		constructor	FUN_01003904	
1791	Create Track Stack…		Main Window Tracks	8	71	0x7049	0x006dd9d4	FUN_006dd9d4	0x0	1		no: suppressed		constructor	FUN_01003904	
1792	Create Folder Stack		Main Window Tracks	8	72	0x7049	0x006dd814	FUN_006dd814	0x0	1		yes		constructor	FUN_01003904	
1793	Create Summing Stack		Main Window Tracks	8	73	0x7049	0x006dd60c	FUN_006dd60c	0x0	1		yes		constructor	FUN_01003904	
1794	Flatten Stack		Main Window Tracks	8	74	0x7049	0x006de7f0	FUN_006de7f0	0x0	1		yes		constructor	FUN_01003904	
1865	Convert Folder Stack to Summing Stack		Main Window Tracks	8	75	0x7049	0x006dea60	FUN_006dea60	0x0	1		yes		constructor	FUN_01003904	
1748	Bounce Regions/Cells in Place…		Main Window Tracks	8	76	0x7049	0x00fb5ab0	FUN_00fb5ab0	0x0	1		yes		constructor	FUN_01003904	
1749	Bounce Tracks in Place		Main Window Tracks	8	77	0x7049	0x00fef034	FUN_00fef034	0x0	1		yes		constructor	FUN_01003904	
1750	Drum Replacement/Doubling		Main Window Tracks	8	78	0x7049	0x00fef568	FUN_00fef568	0x0	1		yes		constructor	FUN_01003904	
117	Hide/Show Selected Tracks		Main Window Tracks	8	79	0x7049	0x00fee9ec	FUN_00fee9ec	0x0	1		yes		constructor	FUN_01003904	
148	Hide/Show Unselected Tracks		Main Window Tracks	8	80	0x7049	0x00feebac	FUN_00feebac	0x0	1		yes		constructor	FUN_01003904	
118	Unhide All Tracks		Main Window Tracks	8	81	0x7049	0x00feed70	FUN_00feed70	0x0	1		yes		constructor	FUN_01003904	
1710	Toggle Hide View		Main Window Tracks	8	82	0x7049	0x00662628	FUN_00662628	0x0	1		yes		constructor	FUN_01003904	
2311	Hide/Show All Empty Tracks		Main Window Tracks	8	83	0x7049	0x00feeecc	FUN_00feeecc	0x0	2		yes		constructor	FUN_01003904	
2449	Hide/Show Empty Tracks in Cycle		Main Window Tracks	8	84	0x7049	0x00feeecc	FUN_00feeecc	0x1	2		yes		constructor	FUN_01003904	
566	Toggle Track On		Main Window Tracks	8	85	0x7049	0x006e10b8	FUN_006e10b8	0x0	3		yes		constructor	FUN_01003904	
567	Toggle Track On of all Tracks of Folder		Main Window Tracks	8	86	0x7049	0x006e10b8	FUN_006e10b8	0x1	3		yes		constructor	FUN_01003904	
568	Toggle Track On of all Tracks With Same Instrument of Project		Main Window Tracks	8	87	0x7049	0x006e10b8	FUN_006e10b8	0x2	3		yes		constructor	FUN_01003904	
1714	Toggle Track Solo		Main Window Tracks	8	88	0x7049	0x006f0d6c	FUN_006f0d6c	0x0	1		yes		constructor	FUN_01003904	
2250	Toggle Track Protect		Main Window Tracks	8	89	0x7049	0x006f112c	FUN_006f112c	0x0	1		yes		constructor	FUN_01003904	
2251	Toggle Track Freeze		Main Window Tracks	8	90	0x7049	0x006f1444	FUN_006f1444	0x0	1		yes		constructor	FUN_01003904	
593	Toggle Track Record Enable		Main Window Tracks	8	91	0x7049	0x006f1ba0	FUN_006f1ba0	0x0	1		yes		constructor	FUN_01003904	
1874	Toggle Automation Subtracks		Main Window Tracks	8	92	0x7049	0x006f2118	FUN_006f2118	0x752	4		yes		constructor	FUN_01003904	
1875	Hide Automation Subtracks		Main Window Tracks	8	93	0x7049	0x006f2118	FUN_006f2118	0x753	4		yes		constructor	FUN_01003904	
1876	Show Automation Subtracks		Main Window Tracks	8	94	0x7049	0x006f2118	FUN_006f2118	0x754	4		yes		constructor	FUN_01003904	
1877	Reset Automation Subtracks		Main Window Tracks	8	95	0x7049	0x006f2118	FUN_006f2118	0x755	4		yes		constructor	FUN_01003904	
589	Individual Track Zoom In		Main Window Tracks	8	96	0x7049	0x0100096c	FUN_0100096c	0x0	5		yes		constructor	FUN_01003904	
590	Individual Track Zoom Out		Main Window Tracks	8	97	0x7049	0x0100096c	FUN_0100096c	0x1	5		yes		constructor	FUN_01003904	
597	Toggle Individual Track Zoom		Main Window Tracks	8	98	0x7049	0x0100096c	FUN_0100096c	0x4	5		yes		constructor	FUN_01003904	
591	Reset Individual Track Zoom		Main Window Tracks	8	99	0x7049	0x0100096c	FUN_0100096c	0x2	5		yes		constructor	FUN_01003904	
592	Individual Track Zoom Reset for All Tracks		Main Window Tracks	8	100	0x7049	0x0100096c	FUN_0100096c	0x3	5		yes		constructor	FUN_01003904	
95	Make Alias		Main Window Tracks	8	101	0x7049	0x00613fd0	FUN_00613fd0	0x0	2		yes		constructor	FUN_01003904	
594	Make Alias but Copy Folder		Main Window Tracks	8	102	0x7049	0x00613fd0	FUN_00613fd0	0x1	2		yes		constructor	FUN_01003904	
96	Convert Alias to a Region Copy		Main Window Tracks	8	103	0x7049	0x00614440	FUN_00614440	0x0	1		yes		constructor	FUN_01003904	
97	Reassign Alias		Main Window Tracks	8	104	0x7049	0x006157f4	FUN_006157f4	0x0	1		yes		constructor	FUN_01003904	
98	Find Original of Alias		Main Window Tracks	8	105	0x7049	0x00615174	FUN_00615174	0x0	1		yes		constructor	FUN_01003904	
569	Select All Aliases of Region		Main Window Tracks	8	106	0x7049	0x00299eec	FUN_00299eec	0x0	3		yes		constructor	FUN_01003904	
1719	Select All Orphan Aliases		Main Window Tracks	8	107	0x7049	0x00299eec	FUN_00299eec	0x1	3		yes		constructor	FUN_01003904	
1720	Delete All Orphan Aliases		Main Window Tracks	8	108	0x7049	0x00299eec	FUN_00299eec	0x2	3		yes		constructor	FUN_01003904	
564	Audio Crossfade Options for Merge…		Main Window Tracks	8	109	0x7049	0x008272d0	FUN_008272d0	0x0	1		no: suppressed		constructor	FUN_01003904	
1349	Apply Default Crossfade		Main Window Tracks	8	110	0x7049	0x00345e44	FUN_00345e44	0x0	1		yes		constructor	FUN_01003904	
1345	Apply Last Edited Fade Again		Main Window Tracks	8	111	0x7049	0x00342e5c	FUN_00342e5c	0x0	1		yes		constructor	FUN_01003904	
1353	Remove Fades		Main Window Tracks	8	112	0x7049	0x003427e4	FUN_003427e4	0x0	1		yes		constructor	FUN_01003904	
1399	Remove Fade Ins		Main Window Tracks	8	113	0x7049	0x003420fc	FUN_003420fc	0x0	3		yes		constructor	FUN_01003904	
1400	Remove Crossfades		Main Window Tracks	8	114	0x7049	0x003420fc	FUN_003420fc	0x1	3		yes		constructor	FUN_01003904	
1401	Remove Fade Outs		Main Window Tracks	8	115	0x7049	0x003420fc	FUN_003420fc	0x2	3		yes		constructor	FUN_01003904	
553	Join Regions per Tracks / Fill Cell		Main Window Tracks	8	116	0x7049	0x006a34bc	FUN_006a34bc	0x0	1		yes		constructor	FUN_01003904	
667	Delete Section Between Locators (Selection)		Main Window Tracks	8	117	0x7049	0x00ff5cc0	FUN_00ff5cc0	0x180	2		yes		constructor	FUN_01003904	
668	Delete Section Between Locators (Global)		Main Window Tracks	8	118	0x7049	0x00ff5b58	FUN_00ff5b58	0x180	2		yes		constructor	FUN_01003904	
552	Cut Section Between Locators (Selection)		Main Window Tracks	8	119	0x7049	0x00ff5cc0	FUN_00ff5cc0	0x1	2		yes		constructor	FUN_01003904	
1733	Cut Section Between Locators (Global)		Main Window Tracks	8	120	0x7049	0x00ff5b58	FUN_00ff5b58	0x1	2		yes		constructor	FUN_01003904	
2368	Copy Section Between Locators (Global)		Main Window Tracks	8	121	0x7049	0x00ff5f20	FUN_00ff5f20	0x2004	2		yes		constructor	FUN_01003904	
2906	Copy Section Between Locators (Selection)		Main Window Tracks	8	122	0x7049	0x00ff5f20	FUN_00ff5f20	0x2000	2		yes		constructor	FUN_01003904	
551	Insert Silence Between Locators (Selection)		Main Window Tracks	8	123	0x7049	0x00ff5594	FUN_00ff5594	0x1	2		yes		constructor	FUN_01003904	
1734	Insert Silence Between Locators (Global)		Main Window Tracks	8	124	0x7049	0x00ff5818	FUN_00ff5818	0x1	2		yes		constructor	FUN_01003904	
563	Insert Section at Playhead (Selection)		Main Window Tracks	8	125	0x7049	0x00ff5594	FUN_00ff5594	0x2	2		yes		constructor	FUN_01003904	
1735	Insert Section at Playhead (Global)		Main Window Tracks	8	126	0x7049	0x00ff5818	FUN_00ff5818	0x2	2		yes		constructor	FUN_01003904	
1726	Repeat Section Between Locators (Selection)		Main Window Tracks	8	127	0x7049	0x00ff62f8	FUN_00ff62f8	0x0	2		yes		constructor	FUN_01003904	
1736	Repeat Section Between Locators (Global)		Main Window Tracks	8	128	0x7049	0x00ff62f8	FUN_00ff62f8	0x1	2		yes		constructor	FUN_01003904	
2229	Cut Sections of Selected Arrangement Markers		Main Window Tracks	8	129	0x7049	0x01007af4	FUN_01007af4	0x0	1		yes		constructor	FUN_01003904	
2563	Insert Scenes at Playhead		Main Window Tracks	8	130	0x7049	0x00ff59f0	FUN_00ff59f0	0x1	2		yes		constructor	FUN_01003904	
2806	Copy Scenes to Playhead		Main Window Tracks	8	131	0x7049	0x00ff59f0	FUN_00ff59f0	0x0	2		yes		constructor	FUN_01003904	
92	Separate MIDI Region by MIDI Channel		Main Window Tracks	8	132	0x7049	0x00ff6f68	FUN_00ff6f68	0x0	3		yes		constructor	FUN_01003904	
1718	Separate MIDI Region by Note Pitch		Main Window Tracks	8	133	0x7049	0x00ff6f68	FUN_00ff6f68	0x1	3		yes		constructor	FUN_01003904	
1724	Separate MIDI Region by Articulation		Main Window Tracks	8	134	0x7049	0x00ff6f68	FUN_00ff6f68	0x2	3		yes		constructor	FUN_01003904	
571	Rename Track		Main Window Tracks	8	135	0x7049	0x006dcd74	FUN_006dcd74	0x0	1		yes		constructor	FUN_01003904	
572	Delete Track Name		Main Window Tracks	8	136	0x7049	0x006dcf80	FUN_006dcf80	0x0	1		yes		constructor	FUN_01003904	
584	Move Selected Regions to Focused Track		Main Window Tracks	8	137	0x7049	0x01007d64	FUN_01007d64	0x0	2		yes		constructor	FUN_01003904	
2356	Copy Selected Regions to Focused Track		Main Window Tracks	8	138	0x7049	0x01007d64	FUN_01007d64	0x1	2		yes		constructor	FUN_01003904	
128	Adjust Tempo using Region Length and Locators		Main Window Tracks	8	139	0x7049	0x00ff7464	FUN_00ff7464	0x0	1		yes		constructor	FUN_01003904	
1760	Move Selection with First Transient to Nearest Beat		Main Window Tracks	8	140	0x7049	0x00eb2bb0	FUN_00eb2bb0	0x0	1		yes		constructor	FUN_01003904	
2451	Create Flex Marker At Playhead Position		Main Window Tracks	8	141	0x7049	0x00eb2610	FUN_00eb2610	0x0	3		yes		constructor	FUN_01003904	
2452	Create Flex Marker At Previous Transient		Main Window Tracks	8	142	0x7049	0x00eb2610	FUN_00eb2610	0x1	3		yes		constructor	FUN_01003904	
2453	Create Flex Marker At Next Transient		Main Window Tracks	8	143	0x7049	0x00eb2610	FUN_00eb2610	0x2	3		yes		constructor	FUN_01003904	
129	Move Region to Recorded Position		Main Window Tracks	8	144	0x7049	0x01008e08	FUN_01008e08	0x0	1		yes		constructor	FUN_01003904	
579	Convert Regions to New Regions		Main Window Tracks	8	145	0x7049	0x00ff923c	FUN_00ff923c	0x0	2		yes		constructor	FUN_01003904	
582	Convert Regions to New Audio Files…		Main Window Tracks	8	146	0x7049	0x00ff923c	FUN_00ff923c	0x1	2		yes		constructor	FUN_01003904	
1757	Convert Regions to New Sampler Track…		Main Window Tracks	8	147	0x7049	0x00ff948c	FUN_00ff948c	0x0	1		yes		constructor	FUN_01003904	
1711	Time Stretch Region Length to Locators		Main Window Tracks	8	148	0x7049	0x00ff96a0	FUN_00ff96a0	0x0	2		yes		constructor	FUN_01003904	
1712	Time Stretch Region Length to Nearest Bar		Main Window Tracks	8	149	0x7049	0x00ff96a0	FUN_00ff96a0	0x1	2		yes		constructor	FUN_01003904	
2254	Show Beat Mapping Track		Main Window Tracks	8	150	0x7049	0x00f3f4d4	FUN_00f3f4d4	0x0	1		yes		constructor	FUN_01003904	
2344	Normalize Region/Cell Gain…		Main Window Tracks	8	151	0x7049	0x00263b68	FUN_00263b68	0x0	2		yes		constructor	FUN_01003904	
2350	Apply Normalize Region/Cell Gain Again		Main Window Tracks	8	152	0x7049	0x00263b68	FUN_00263b68	0x1	2		yes		constructor	FUN_01003904	
1765	Add Region/Cell to Loop Library…		Main Window Tracks	8	153	0x7049	0x00ff6d20	FUN_00ff6d20	0x0	1		no: suppressed		constructor	FUN_01003904	
101	Apply All Region/Cell Parameters Permanently		Main Window Tracks	8	154	0x7049	0x01009018	FUN_01009018	0x0	3		yes		constructor	FUN_01003904	
575	Apply Region/Cell Parameters except Channel Permanently		Main Window Tracks	8	155	0x7049	0x01009018	FUN_01009018	0x6	3		yes		constructor	FUN_01003904	
576	Apply Region/Cell Parameters except Channel and Delay Permanently		Main Window Tracks	8	156	0x7049	0x01009018	FUN_01009018	0x2	3		yes		constructor	FUN_01003904	
102	Apply Quantization Permanently		Main Window Tracks	8	157	0x7049	0x01009a80	FUN_01009a80	0x0	1		yes		constructor	FUN_01003904	
103	Convert Loops to Regions		Main Window Tracks	8	158	0x7049	0x00ff9f8c	FUN_00ff9f8c	0x0	2		yes		constructor	FUN_01003904	
561	Convert MIDI Loops to Aliases		Main Window Tracks	8	159	0x7049	0x00ff9f8c	FUN_00ff9f8c	0x1	2		yes		constructor	FUN_01003904	
666	Convert Repetitions to Loops		Main Window Tracks	8	160	0x7049	0x01009cdc	FUN_01009cdc	0x0	1		yes		constructor	FUN_01003904	
153	Reactivate Upbeat Event Playback		Main Window Tracks	8	161	0x7049	0x01009fe0	FUN_01009fe0	0x0	1		yes		constructor	FUN_01003904	
112	Set Region Start to Bar		Main Window Tracks	8	162	0x7049	0x00ffa5fc	FUN_00ffa5fc	0x0	1		yes		constructor	FUN_01003904	
105	Remove Overlaps		Main Window Tracks	8	163	0x7049	0x00fb5c88	FUN_00fb5c88	0x0	7		yes		constructor	FUN_01003904	
106	Trim Region End to Next Region		Main Window Tracks	8	164	0x7049	0x00fb5c88	FUN_00fb5c88	0x3	7		yes		constructor	FUN_01003904	
2252	Trim Region Start to Previous Region		Main Window Tracks	8	165	0x7049	0x00fb5c88	FUN_00fb5c88	0x8	7		yes		constructor	FUN_01003904	
585	Trim Regions to Fill within Locators		Main Window Tracks	8	166	0x7049	0x01000284	FUN_01000284	0x0	1		yes		constructor	FUN_01003904	
125	Insert Instrument MIDI settings as Events		Main Window Tracks	8	167	0x7049	0x0069b81c	FUN_0069b81c	0x1	1		yes		constructor	FUN_01003904	
1707	Crop Regions/Cells Outside Locators/Playable Range or Marquee Selection		Main Window Tracks	8	168	0x7049	0x00ffa968	FUN_00ffa968	0x0	1		yes		constructor	FUN_01003904	
127	Remove Groove Template from List		Main Window Tracks	8	169	0x7049	0x0029aec4	FUN_0029aec4	0x0	2		yes		constructor	FUN_01003904	
126	Make Groove Template		Main Window Tracks	8	170	0x7049	0x0029aec4	FUN_0029aec4	0x1	2		yes		constructor	FUN_01003904	
1727	Advanced Quantization Parameters		Main Window Tracks	8	171	0x7049	0x0100a35c	FUN_0100a35c	0x0	1		yes		constructor	FUN_01003904	
1376	Show/Hide Live Loops Grid		Main Window Tracks	8	172	0x7049	0x00ffbc9c	FUN_00ffbc9c	0x0	6		yes		constructor	FUN_01003904	
1377	Show/Hide Tracks area		Main Window Tracks	8	173	0x7049	0x00ffbc9c	FUN_00ffbc9c	0x1	6		yes		constructor	FUN_01003904	
1385	Switch between Live Loops Grid and Tracks View		Main Window Tracks	8	174	0x7049	0x00ffbc9c	FUN_00ffbc9c	0x2	6		yes		constructor	FUN_01003904	
1394	Show Live Loops Grid only		Main Window Tracks	8	175	0x7049	0x00ffbc9c	FUN_00ffbc9c	0x3	6		yes		constructor	FUN_01003904	
1395	Show Tracks View only		Main Window Tracks	8	176	0x7049	0x00ffbc9c	FUN_00ffbc9c	0x4	6		yes		constructor	FUN_01003904	
1390	Show Both, Live Loops Grid and Tracks View		Main Window Tracks	8	177	0x7049	0x00ffbc9c	FUN_00ffbc9c	0x5	6		yes		constructor	FUN_01003904	
1365	Copy to Live Loops Scene		Main Window Tracks	8	178	0x7049	0x01715b88	FUN_01715b88	0x0	1		yes		constructor	FUN_01003904	
1398	Copy Cycle to Live Loops Scene		Main Window Tracks	8	179	0x7049	0x0171634c	FUN_0171634c	0x0	1		yes		constructor	FUN_01003904	
1753	Show/Hide Flex Pitch/Time		Main Window Tracks	8	180	0x7049	0x00ffd728	FUN_00ffd728	0x0	1		yes		constructor	FUN_01003904	
1751	Slice at Transient Markers		Main Window Tracks	8	181	0x7049	0x00ffda74	FUN_00ffda74	0x1	2		yes		constructor	FUN_01003904	
1752	Slice at Flex Markers		Main Window Tracks	8	182	0x7049	0x00ffda74	FUN_00ffda74	0x0	2		yes		constructor	FUN_01003904	
1761	Trim Region Start to Previous Transient		Main Window Tracks	8	183	0x7049	0x0100a4b0	FUN_0100a4b0	0x0	4		yes		constructor	FUN_01003904	
1762	Trim Region Start to Next Transient		Main Window Tracks	8	184	0x7049	0x0100a4b0	FUN_0100a4b0	0x1	4		yes		constructor	FUN_01003904	
1763	Trim Region End to Previous Transient		Main Window Tracks	8	185	0x7049	0x0100a4b0	FUN_0100a4b0	0x2	4		yes		constructor	FUN_01003904	
1764	Trim Region End to Next Transient		Main Window Tracks	8	186	0x7049	0x0100a4b0	FUN_0100a4b0	0x3	4		yes		constructor	FUN_01003904	
1799	Rename Regions/Cells/Scenes		Main Window Tracks	8	187	0x7049	0x006902b4	FUN_006902b4	0x0	1		yes		constructor	FUN_01003904	
578	Name Regions/Cells by Track Name		Main Window Tracks	8	188	0x7049	0x0068fef8	FUN_0068fef8	0x0	1		yes		constructor	FUN_01003904	
1789	Name Tracks by Region/Cell Name		Main Window Tracks	8	189	0x7049	0x006900f4	FUN_006900f4	0x0	1		yes		constructor	FUN_01003904	
560	Color Regions/Cells by Track Color		Main Window Tracks	8	190	0x7049	0x00ffd494	FUN_00ffd494	0x0	1		yes		constructor	FUN_01003904	
1790	Color Tracks by Region/Cell Color		Main Window Tracks	8	191	0x7049	0x0100aa70	FUN_0100aa70	0x0	1		yes		constructor	FUN_01003904	
1515	Drag Mode: Overlap		Main Window Tracks	8	192	0x7049	0x00ffffec	FUN_00ffffec	0x0	5		yes		constructor	FUN_01003904	
1516	Drag Mode: No Overlap		Main Window Tracks	8	193	0x7049	0x00ffffec	FUN_00ffffec	0x1	5		yes		constructor	FUN_01003904	
1517	Drag Mode: X-Fade		Main Window Tracks	8	194	0x7049	0x00ffffec	FUN_00ffffec	0x2	5		yes		constructor	FUN_01003904	
1518	Drag Mode: Shuffle L		Main Window Tracks	8	195	0x7049	0x00ffffec	FUN_00ffffec	0x4	5		yes		constructor	FUN_01003904	
1519	Drag Mode: Shuffle R		Main Window Tracks	8	196	0x7049	0x00ffffec	FUN_00ffffec	0x3	5		yes		constructor	FUN_01003904	
1700	Waveform Vertical Zoom x 1 (Normal)		Main Window Tracks	8	197	0x7049	0x00484e68	FUN_00484e68	0x1	4		yes		constructor	FUN_01003904	
1701	Waveform Vertical Zoom x 2		Main Window Tracks	8	198	0x7049	0x00484e68	FUN_00484e68	0x2	4		yes		constructor	FUN_01003904	
1702	Waveform Vertical Zoom x 4		Main Window Tracks	8	199	0x7049	0x00484e68	FUN_00484e68	0x4	4		yes		constructor	FUN_01003904	
1703	Waveform Vertical Zoom x 8		Main Window Tracks	8	200	0x7049	0x00484e68	FUN_00484e68	0x8	4		yes		constructor	FUN_01003904	
1705	Waveform Vertical Zoom Out		Main Window Tracks	8	201	0x7049	0x00485018	FUN_00485018	0x0	2		yes		constructor	FUN_01003904	
1706	Waveform Vertical Zoom In		Main Window Tracks	8	202	0x7049	0x00485018	FUN_00485018	0x1	2		yes		constructor	FUN_01003904	
1756	Toggle Waveform Vertical Zoom		Main Window Tracks	8	203	0x7049	0x004851cc	FUN_004851cc	0x0	1		yes		constructor	FUN_01003904	
1758	Show/Hide Toolbar		Main Window Tracks	8	204	0x7049	0x00fff6dc	FUN_00fff6dc	0x0	1		yes		constructor	FUN_01003904	
1759	Customize Toolbar…		Main Window Tracks	8	205	0x7049	0x00fff8f8	FUN_00fff8f8	0x0	1		no: suppressed		constructor	FUN_01003904	
1744	Configure Track Header…		Main Window Tracks	8	206	0x7049	0x00f40854	FUN_00f40854	0x0	1		yes		constructor	FUN_01003904	
2907	Assign Track Color…		Main Window Tracks	8	207	0x7049	0x00f40114	FUN_00f40114	0x0	1		yes		constructor	FUN_01003904	
2908	Assign Track Icon…		Main Window Tracks	8	208	0x7049	0x00f4029c	FUN_00f4029c	0x0	1		yes		constructor	FUN_01003904	
2548	Store Track Header Configuration as User Default		Main Window Tracks	8	209	0x7049	0x01002b78	FUN_01002b78	0x0	1		yes		constructor	FUN_01003904	
2549	Apply Track Header Configuration User Default		Main Window Tracks	8	210	0x7049	0x01002cac	FUN_01002cac	0x0	1		yes		constructor	FUN_01003904	
2550	Revert to Track Header Configuration Default		Main Window Tracks	8	211	0x7049	0x01002de0	FUN_01002de0	0x0	1		yes		constructor	FUN_01003904	
1771	Marquee Ruler		Main Window Tracks	8	212	0x7049	0x0100b01c	FUN_0100b01c	0x0	1		yes		constructor	FUN_01003904	
1274	Show/Hide Editor		Main Window Tracks	8	213	0x7049	0x00fffb04	FUN_00fffb04	0x0	1		yes		constructor	FUN_01003904	
1282	Show/Hide Note Pad		Main Window Tracks	8	214	0x7049	0x00fffc6c	FUN_00fffc6c	0x6e746573	3		yes		constructor	FUN_01003904	
1254	Show/Hide List Editors		Main Window Tracks	8	215	0x7049	0x00fffc6c	FUN_00fffc6c	0x65767473	3		yes		constructor	FUN_01003904	
1253	Show/Hide Browsers		Main Window Tracks	8	216	0x7049	0x00fffc6c	FUN_00fffc6c	0x6d646961	3		yes		constructor	FUN_01003904	
1775	Show/Hide Master Track		Main Window Tracks	8	217	0x7049	0x006ddd9c	FUN_006ddd9c	0x0	1		yes		constructor	FUN_01003904	
2228	Alignment Guides		Main Window Tracks	8	218	0x7049	0x006a6144	FUN_006a6144	0x0	1		yes		constructor	FUN_01003904	
1058	Show/Hide Marker Lines		Main Window Tracks	8	219	0x7049	0x006a6540	FUN_006a6540	0x0	1		yes		constructor	FUN_01003904	
2249	Create Volume Fade-Out on Main Output		Main Window Tracks	8	220	0x7049	0x00691070	FUN_00691070	0x0	1		yes		constructor	FUN_01003904	
2253	Create 1 Track Automation Point each for Volume, Pan, Sends		Main Window Tracks	8	221	0x7049	0x00690990	FUN_00690990	0x0	2		yes		constructor	FUN_01003904	
2256	Create 2 Track Automation Points each for Volume, Pan, Sends		Main Window Tracks	8	222	0x7049	0x00690990	FUN_00690990	0x1	2		yes		constructor	FUN_01003904	
2257	Create 1 Track Automation Point for Visible Parameter		Main Window Tracks	8	223	0x7049	0x00690544	FUN_00690544	0x0	2		yes		constructor	FUN_01003904	
2258	Create 2 Track Automation Points for Visible Parameter		Main Window Tracks	8	224	0x7049	0x00690544	FUN_00690544	0x1	2		yes		constructor	FUN_01003904	
2345	New Track Alternative		Main Window Tracks	8	225	0x7049	0x0100b210	FUN_0100b210	0x0	2		yes		constructor	FUN_01003904	
2346	Duplicate Track Alternative		Main Window Tracks	8	226	0x7049	0x0100b210	FUN_0100b210	0x1	2		yes		constructor	FUN_01003904	
2349	Delete Inactive Track Alternatives		Main Window Tracks	8	227	0x7049	0x0100bc1c	FUN_0100bc1c	0x0	2		yes		constructor	FUN_01003904	
2430	Delete Unused Track Alternatives		Main Window Tracks	8	228	0x7049	0x0100bc1c	FUN_0100bc1c	0x1	2		yes		constructor	FUN_01003904	
2343	Rename Track Alternative by Selected Region		Main Window Tracks	8	229	0x7049	0x0100d1ac	FUN_0100d1ac	0x0	1		yes		constructor	FUN_01003904	
2357	Rename Track Alternative		Main Window Tracks	8	230	0x7049	0x0100d65c	FUN_0100d65c	0x0	1		yes		constructor	FUN_01003904	
2354	Show/Hide Inactive Track Alternatives		Main Window Tracks	8	231	0x7049	0x0100d9a0	FUN_0100d9a0	0x0	2		yes		constructor	FUN_01003904	
2450	Show/Hide All Inactive Track Alternatives		Main Window Tracks	8	232	0x7049	0x0100d9a0	FUN_0100d9a0	0x2	2		yes		constructor	FUN_01003904	
158	Trim Region Start to Playhead Position		Main Window Tracks	8	233	0x7049	0x0069c5ac	FUN_0069c5ac	0x4	5		yes		constructor	FUN_01003904	
159	Trim Region End to Playhead Position		Main Window Tracks	8	234	0x7049	0x0069c5ac	FUN_0069c5ac	0x5	5		yes		constructor	FUN_01003904	
1370	Audio File is a Loop		Main Window Tracks	8	235	0x7049	0x010018e4	FUN_010018e4	0x0	1		yes		constructor	FUN_01003904	
1368	Apply Region Tempo to Project Tempo…		Main Window Tracks	8	236	0x7049	0x01001574	FUN_01001574	0x0	1		yes		constructor	FUN_01003904	
1382	Apply Project Tempo to Region and Downbeat		Main Window Tracks	8	237	0x7049	0x0100129c	FUN_0100129c	0x0	1		yes		constructor	FUN_01003904	
1381	Move Region to Beat		Main Window Tracks	8	238	0x7049	0x01001d68	FUN_01001d68	0x0	1		yes		constructor	FUN_01003904	
1348	Write Project Tempo to Audio File		Main Window Tracks	8	239	0x7049	0x010020b4	FUN_010020b4	0x0	1		yes		constructor	FUN_01003904	
2902	Show/Hide Smart Tempo Editor		Main Window Tracks	8	240	0x7049	0x01002978	FUN_01002978	0x0	1		yes		constructor	FUN_01003904	
2366	Activate Next Track Alternative		Main Window Tracks	8	241	0x7049	0x0100e414	FUN_0100e414	0x0	2		yes		constructor	FUN_01003904	
2367	Activate Previous Track Alternative		Main Window Tracks	8	242	0x7049	0x0100e414	FUN_0100e414	0x1	2		yes		constructor	FUN_01003904	
1846	Set Region Anchor to Playhead		Main Window Tracks	8	243	0x7049	0x0100e960	FUN_0100e960	0x0	1		yes		constructor	FUN_01003904	
1847	Set Region Anchor to Marquee Start		Main Window Tracks	8	244	0x7049	0x0100eef0	FUN_0100eef0	0x0	2		yes		constructor	FUN_01003904	
1848	Set Region Anchor to Marquee End		Main Window Tracks	8	245	0x7049	0x0100eef0	FUN_0100eef0	0x1	2		yes		constructor	FUN_01003904	
1858	Set Region Anchor to Region Start		Main Window Tracks	8	246	0x7049	0x0100f468	FUN_0100f468	0x0	1		yes		constructor	FUN_01003904	
2599	Queue Cell/Scene Playback		Live Loops Grid	9	0	0x27049	0x01014320	FUN_01014320	0x0	1		yes		constructor	FUN_01013edc	
2577	Trigger Cells or Scene		Live Loops Grid	9	1	0x27049	0x01014558	FUN_01014558	0x0	1		yes		constructor	FUN_01013edc	
2807	Trigger Focused Scene		Live Loops Grid	9	2	0x27049	0x01014794	FUN_01014794	0x0	1		yes		constructor	FUN_01013edc	
2804	Retrigger Selected Cells or Focused Scene		Live Loops Grid	9	3	0x27049	0x010149d0	FUN_010149d0	0x0	1		yes		constructor	FUN_01013edc	
2808	Insert Empty Scene		Live Loops Grid	9	4	0x27049	0x01014c08	FUN_01014c08	0x0	1		yes		constructor	FUN_01013edc	
2809	Copy Playing Cells Here		Live Loops Grid	9	5	0x27049	0x01014e40	FUN_01014e40	0x0	1		yes		constructor	FUN_01013edc	
2811	Select Playing Cells		Live Loops Grid	9	6	0x27049	0x01015078	FUN_01015078	0x0	1		yes		constructor	FUN_01013edc	
2812	Select All Cells of Same Scene		Live Loops Grid	9	7	0x27049	0x010152b0	FUN_010152b0	0x0	1		yes		constructor	FUN_01013edc	
2588	Select Next Lower Cell, or Next Track		Live Loops Grid	9	8	0x27049	0x010154e8	FUN_010154e8	0x1	2		yes		constructor	FUN_01013edc	
2587	Select Next Upper Cell, or Previous Track		Live Loops Grid	9	9	0x27049	0x010154e8	FUN_010154e8	0x0	2		yes		constructor	FUN_01013edc	
2589	Extend Cell, or Track Selection Up		Live Loops Grid	9	10	0x27049	0x01015648	FUN_01015648	0x0	2		yes		constructor	FUN_01013edc	
2590	Extend Cell, or Track Selection Down		Live Loops Grid	9	11	0x27049	0x01015648	FUN_01015648	0x1	2		yes		constructor	FUN_01013edc	
2700	Select Previous Scene		Live Loops Grid	9	12	0x27049	0x0101578c	FUN_0101578c	0x2	2		yes		constructor	FUN_01013edc	
2701	Select Next Scene		Live Loops Grid	9	13	0x27049	0x0101578c	FUN_0101578c	0x3	2		yes		constructor	FUN_01013edc	
2800	Enable Performance Recording On/Off		Live Loops Grid	9	14	0x27049	0x010159d8	FUN_010159d8	0x0	1		yes		constructor	FUN_01013edc	
2802	Unpack Take Cell to Existing Scenes		Live Loops Grid	9	15	0x27049	0x01015c14	FUN_01015c14	0x0	2		yes		constructor	FUN_01013edc	
2803	Unpack Take Cell to New Scenes		Live Loops Grid	9	16	0x27049	0x01015c14	FUN_01015c14	0x1	2		yes		constructor	FUN_01013edc	
2810	Toggle Grid Horizontal Zoom		Live Loops Grid	9	17	0x27049	0x01015e60	FUN_01015e60	0x0	1		yes		constructor	FUN_01013edc	
2099	Delete Mixer Undo History		Mixer	10	0	0x2021	0x0142fe4c	FUN_0142fe4c	0x0	1		yes		constructor	FUN_01431850	
2100	Include Mixer Undo Steps in Project Undo History		Mixer	10	1	0x2021	0x0142ffe4	FUN_0142ffe4	0x0	1		yes		constructor	FUN_01431850	
2000	Show/Hide MIDI Instruments		Mixer	10	2	0x2021	0x01432c34	FUN_01432c34	0x1f	7		yes		constructor	FUN_01431850	
2001	Show/Hide Input Channel Strips		Mixer	10	3	0x2021	0x01432c34	FUN_01432c34	0x1a	7		yes		constructor	FUN_01431850	
2002	Show/Hide Audio Channel Strips		Mixer	10	4	0x2021	0x01432c34	FUN_01432c34	0x1e	7		yes		constructor	FUN_01431850	
2003	Show/Hide Instrument Channel Strips		Mixer	10	5	0x2021	0x01432c34	FUN_01432c34	0x19	7		yes		constructor	FUN_01431850	
2004	Show/Hide Auxiliary Channel Strips		Mixer	10	6	0x2021	0x01432c34	FUN_01432c34	0x18	7		yes		constructor	FUN_01431850	
2005	Show/Hide Bus Channel Strips		Mixer	10	7	0x2021	0x01432c34	FUN_01432c34	0x17	7		yes		constructor	FUN_01431850	
2006	Show/Hide Output Channel Strips		Mixer	10	8	0x2021	0x01432c34	FUN_01432c34	0x16	7		yes		constructor	FUN_01431850	
2007	Cycle Through Mixer Modes (Single, Tracks, All)		Mixer	10	9	0x2021	0x01432f40	FUN_01432f40	0x0	1		yes		constructor	FUN_01431850	
2010	Select Audio Channel Strips		Mixer	10	10	0x2021	0x01430680	FUN_01430680	0x1e	9		yes		constructor	FUN_01431850	
2011	Select Instrument Channel Strips		Mixer	10	11	0x2021	0x01430680	FUN_01430680	0x19	9		yes		constructor	FUN_01431850	
2098	Select Summing Stack Channel Strips		Mixer	10	12	0x2021	0x01430680	FUN_01430680	0x7	9		yes		constructor	FUN_01431850	
2012	Select Auxiliary Channel Strips		Mixer	10	13	0x2021	0x01430680	FUN_01430680	0x6	9		yes		constructor	FUN_01431850	
2013	Select Output Channel Strips		Mixer	10	14	0x2021	0x01430680	FUN_01430680	0x16	9		yes		constructor	FUN_01431850	
2014	Select MIDI Channel Strips		Mixer	10	15	0x2021	0x01430680	FUN_01430680	0x1f	9		yes		constructor	FUN_01431850	
2015	Select Same-Colored Channel Strips		Mixer	10	16	0x2021	0x01430680	FUN_01430680	0x2	9		yes		constructor	FUN_01431850	
3500	Select Channel Strips with Same Panner Type		Mixer	10	17	0x2021	0x01430680	FUN_01430680	0x5	9		yes		constructor	FUN_01431850	
2016	Select Muted Channel Strips		Mixer	10	18	0x2021	0x01430680	FUN_01430680	0x3	9		yes		constructor	FUN_01431850	
2052	Select Previous (Left) Channel Strip		Mixer	10	19	0x2021	0x0143313c	FUN_0143313c	0x0	2		yes		constructor	FUN_01431850	
2053	Select Next (Right) Channel Strip		Mixer	10	20	0x2021	0x0143313c	FUN_0143313c	0x1	2		yes		constructor	FUN_01431850	
2008	Create New Auxiliary Channel Strip		Mixer	10	21	0x2021	0x014274f4	FUN_014274f4	0x0	1		yes		constructor	FUN_01431850	
2068	Create New VCA Fader		Mixer	10	22	0x2021	0x014276a0	FUN_014276a0	0x0	1		yes		constructor	FUN_01431850	
2017	Create Tracks for Selected Channel Strips		Mixer	10	23	0x2021	0x0142a3ec	FUN_0142a3ec	0x0	1		yes		constructor	FUN_01431850	
2070	Create Track Stack for Selected Channel Strips		Mixer	10	24	0x2021	0x01429350	FUN_01429350	0x0	1		yes		constructor	FUN_01431850	
2071	Flatten Track Stack for Selected Channel Strips		Mixer	10	25	0x2021	0x01429f30	FUN_01429f30	0x0	1		yes		constructor	FUN_01431850	
2018	Send All MIDI Mixer Data		Mixer	10	26	0x2021	0x01430c98	FUN_01430c98	0x0	1		yes		constructor	FUN_01431850	
2024	Link Control Surfaces		Mixer	10	27	0x2021	0x014311e4	FUN_014311e4	0x14	1		yes		constructor	FUN_01431850	
2081	Autoscroll to Selection		Mixer	10	28	0x2021	0x0142dcd0	FUN_0142dcd0	0x38	38		yes		constructor	FUN_01431850	
2025	Scroll to Audio		Mixer	10	29	0x2021	0x01430ed4	FUN_01430ed4	0x1e	8		yes		constructor	FUN_01431850	
2026	Scroll to Instruments		Mixer	10	30	0x2021	0x01430ed4	FUN_01430ed4	0x19	8		yes		constructor	FUN_01431850	
2027	Scroll to Auxiliaries		Mixer	10	31	0x2021	0x01430ed4	FUN_01430ed4	0x18	8		yes		constructor	FUN_01431850	
2028	Scroll to Buses		Mixer	10	32	0x2021	0x01430ed4	FUN_01430ed4	0x17	8		yes		constructor	FUN_01431850	
2029	Scroll to Inputs		Mixer	10	33	0x2021	0x01430ed4	FUN_01430ed4	0x1a	8		yes		constructor	FUN_01431850	
2030	Scroll to Outputs		Mixer	10	34	0x2021	0x01430ed4	FUN_01430ed4	0x16	8		yes		constructor	FUN_01431850	
2031	Scroll to Master/VCA		Mixer	10	35	0x2021	0x01430ed4	FUN_01430ed4	0x15	8		yes		constructor	FUN_01431850	
2032	Scroll to MIDI Instruments		Mixer	10	36	0x2021	0x01430ed4	FUN_01430ed4	0x1f	8		yes		constructor	FUN_01431850	
2101	Show/Hide Channels with Sends only		Mixer	10	37	0x2021	0x0142dcd0	FUN_0142dcd0	0x36	38		yes		constructor	FUN_01431850	
2033	Show/Hide Signal Flow Channel Strips		Mixer	10	38	0x2021	0x0142dcd0	FUN_0142dcd0	0x22	38		yes		constructor	FUN_01431850	
2034	Show/Hide Folder Tracks		Mixer	10	39	0x2021	0x0142dcd0	FUN_0142dcd0	0x1d	38		yes		constructor	FUN_01431850	
2035	Show/Hide Other Tracks		Mixer	10	40	0x2021	0x0142dcd0	FUN_0142dcd0	0x1c	38		yes		constructor	FUN_01431850	
2036	Show/Hide All Tracks with Same Channel Strip/Instrument		Mixer	10	41	0x2021	0x0142dcd0	FUN_0142dcd0	0x27	38		yes		constructor	FUN_01431850	
2102	Toggle Follow Track Stacks		Mixer	10	42	0x2021	0x0142dcd0	FUN_0142dcd0	0x33	38		yes		constructor	FUN_01431850	
2103	Toggle Follow Hide		Mixer	10	43	0x2021	0x0142dcd0	FUN_0142dcd0	0x26	38		yes		constructor	FUN_01431850	
2105	Show/Hide Long Faders		Mixer	10	44	0x2021	0x0142dcd0	FUN_0142dcd0	0x39	38		yes		constructor	FUN_01431850	
2037	Show/Hide Instrument Name		Mixer	10	45	0x2021	0x0142dcd0	FUN_0142dcd0	0xd	38		yes		constructor	FUN_01431850	
2038	Show/Hide Program		Mixer	10	46	0x2021	0x0142dcd0	FUN_0142dcd0	0xb	38		yes		constructor	FUN_01431850	
2039	Show/Hide Bank		Mixer	10	47	0x2021	0x0142dcd0	FUN_0142dcd0	0xa	38		yes		constructor	FUN_01431850	
2040	Show/Hide Assign 1		Mixer	10	48	0x2021	0x0142dcd0	FUN_0142dcd0	0x2	38		yes		constructor	FUN_01431850	
2041	Show/Hide Assign 2		Mixer	10	49	0x2021	0x0142dcd0	FUN_0142dcd0	0x3	38		yes		constructor	FUN_01431850	
2042	Show/Hide Assign 3		Mixer	10	50	0x2021	0x0142dcd0	FUN_0142dcd0	0x4	38		yes		constructor	FUN_01431850	
2043	Show/Hide Assign 4		Mixer	10	51	0x2021	0x0142dcd0	FUN_0142dcd0	0x5	38		yes		constructor	FUN_01431850	
2044	Show/Hide Assign 5		Mixer	10	52	0x2021	0x0142dcd0	FUN_0142dcd0	0x6	38		yes		constructor	FUN_01431850	
2055	Show/Hide Audio Device Controls		Mixer	10	53	0x2021	0x0142dcd0	FUN_0142dcd0	0x29	38		yes		constructor	FUN_01431850	
2054	Show/Hide Type and Number Label		Mixer	10	54	0x2021	0x0142dcd0	FUN_0142dcd0	0x24	38		yes		constructor	FUN_01431850	
2056	Show/Hide Setting Menu		Mixer	10	55	0x2021	0x0142dcd0	FUN_0142dcd0	0x2a	38		yes		constructor	FUN_01431850	
2045	Show/Hide EQ Thumbnails		Mixer	10	56	0x2021	0x0142dcd0	FUN_0142dcd0	0x10	38		yes		constructor	FUN_01431850	
2057	Show/Hide Gain Reduction Meter		Mixer	10	57	0x2021	0x0142dcd0	FUN_0142dcd0	0x2d	38		yes		constructor	FUN_01431850	
2059	Show/Hide MIDI Effects		Mixer	10	58	0x2021	0x0142dcd0	FUN_0142dcd0	0x28	38		yes		constructor	FUN_01431850	
2060	Show/Hide Input / Instrument		Mixer	10	59	0x2021	0x0142dcd0	FUN_0142dcd0	0x2b	38		yes		constructor	FUN_01431850	
2046	Show/Hide Audio Effects		Mixer	10	60	0x2021	0x0142dcd0	FUN_0142dcd0	0x12	38		yes		constructor	FUN_01431850	
2047	Show/Hide Sends		Mixer	10	61	0x2021	0x0142dcd0	FUN_0142dcd0	0x11	38		yes		constructor	FUN_01431850	
2048	Show/Hide Output		Mixer	10	62	0x2021	0x0142dcd0	FUN_0142dcd0	0x13	38		yes		constructor	FUN_01431850	
2061	Show/Hide Grouping		Mixer	10	63	0x2021	0x0142dcd0	FUN_0142dcd0	0x2e	38		yes		constructor	FUN_01431850	
2062	Show/Hide Automation Mode Menu		Mixer	10	64	0x2021	0x0142dcd0	FUN_0142dcd0	0x2f	38		yes		constructor	FUN_01431850	
2063	Show/Hide Track Icon		Mixer	10	65	0x2021	0x0142dcd0	FUN_0142dcd0	0x25	38		yes		constructor	FUN_01431850	
2065	Show/Hide Pan Knob		Mixer	10	66	0x2021	0x0142dcd0	FUN_0142dcd0	0x1	38		yes		constructor	FUN_01431850	
2067	Show/Hide VCA		Mixer	10	67	0x2021	0x0142dcd0	FUN_0142dcd0	0x35	38		yes		constructor	FUN_01431850	
2064	Show/Hide Track Color		Mixer	10	68	0x2021	0x0142dcd0	FUN_0142dcd0	0x2c	38		yes		constructor	FUN_01431850	
2066	Show/Hide Track Stacks		Mixer	10	69	0x2021	0x0142dcd0	FUN_0142dcd0	0x34	38		yes		constructor	FUN_01431850	
2049	Show/Hide Track Name		Mixer	10	70	0x2021	0x0142dcd0	FUN_0142dcd0	0xc	38		yes		constructor	FUN_01431850	
2050	Show/Hide Track Number		Mixer	10	71	0x2021	0x0142dcd0	FUN_0142dcd0	0xe	38		yes		constructor	FUN_01431850	
2051	Show/Hide Control Surface Bars		Mixer	10	72	0x2021	0x0142dcd0	FUN_0142dcd0	0x23	38		yes		constructor	FUN_01431850	
2106	Show/Hide Notes		Mixer	10	73	0x2021	0x0142dcd0	FUN_0142dcd0	0x32	38		yes		constructor	FUN_01431850	
2069	Configure Channel Strip Components…		Mixer	10	74	0x2021	0x0142e22c	FUN_0142e22c	0x0	1		yes		constructor	FUN_01431850	
2579	Store Channel Strip Configuration as User Default		Mixer	10	75	0x2021	0x01433420	FUN_01433420	0x0	1		yes		constructor	FUN_01431850	
2580	Apply Channel Strip Configuration User Default		Mixer	10	76	0x2021	0x01433554	FUN_01433554	0x0	1		yes		constructor	FUN_01431850	
2581	Revert to Channel Strip Configuration Default		Mixer	10	77	0x2021	0x01433688	FUN_01433688	0x0	1		yes		constructor	FUN_01431850	
2074	Mixer Undo for selected Channel Strips		Mixer	10	78	0x2021	0x0142d714	FUN_0142d714	0x0	4		yes		constructor	FUN_01431850	
2075	Mixer Redo for selected Channel Strips		Mixer	10	79	0x2021	0x0142d714	FUN_0142d714	0x2	4		yes		constructor	FUN_01431850	
2076	Sends on Faders - On/Off		Mixer	10	80	0x2021	0x014337bc	FUN_014337bc	0x0	1		yes		constructor	FUN_01431850	
2077	Sends on Faders - Next Send		Mixer	10	81	0x2021	0x0143392c	FUN_0143392c	0x1	3		yes		constructor	FUN_01431850	
2078	Sends on Faders - Previous Send		Mixer	10	82	0x2021	0x0143392c	FUN_0143392c	0x0	3		yes		constructor	FUN_01431850	
2079	Sends on Faders - Cycle Through Sends		Mixer	10	83	0x2021	0x0143392c	FUN_0143392c	0x2	3		yes		constructor	FUN_01431850	
2080	Sends on Faders - Cycle Through Returns		Mixer	10	84	0x2021	0x01433fb4	FUN_01433fb4	0x1	1		yes		constructor	FUN_01431850	
130	New MIDI Instrument		MIDI Environment	11	0	0x1010	0x0072fa98	FUN_0072fa98	0x0	12		yes		constructor	FUN_0072eef4	
140	New Multi-Instrument		MIDI Environment	11	1	0x1010	0x0072fa98	FUN_0072fa98	0x12	12		yes		constructor	FUN_0072eef4	
131	New Mapped Instrument		MIDI Environment	11	2	0x1010	0x0072fa98	FUN_0072fa98	0x5	12		yes		constructor	FUN_0072eef4	
133	New Fader/Knobs/…		MIDI Environment	11	3	0x1010	0x0072fa98	FUN_0072fa98	0x6	12		yes		constructor	FUN_0072eef4	
134	New Keyboard		MIDI Environment	11	4	0x1010	0x0072fa98	FUN_0072fa98	0x7	12		yes		constructor	FUN_0072eef4	
141	New Monitor		MIDI Environment	11	5	0x1010	0x0072fa98	FUN_0072fa98	0x13	12		yes		constructor	FUN_0072eef4	
135	New Arpeggiator		MIDI Environment	11	6	0x1010	0x0072fa98	FUN_0072fa98	0x8	12		yes		constructor	FUN_0072eef4	
139	New Transformer		MIDI Environment	11	7	0x1010	0x0072fa98	FUN_0072fa98	0xf	12		yes		constructor	FUN_0072eef4	
136	New Delay Line		MIDI Environment	11	8	0x1010	0x0072fa98	FUN_0072fa98	0xa	12		yes		constructor	FUN_0072eef4	
137	New Voice Limiter		MIDI Environment	11	9	0x1010	0x0072fa98	FUN_0072fa98	0xb	12		yes		constructor	FUN_0072eef4	
132	New Channel Splitter		MIDI Environment	11	10	0x1010	0x0072fa98	FUN_0072fa98	0x4	12		yes		constructor	FUN_0072eef4	
138	New Chord Memorizer		MIDI Environment	11	11	0x1010	0x0072fa98	FUN_0072fa98	0xc	12		yes		constructor	FUN_0072eef4	
142	New Audio Channel Strip		MIDI Environment	11	12	0x1010	0x0072fd78	FUN_0072fd78	0x40	1		yes		constructor	FUN_0072eef4	
154	Clear Cables only		MIDI Environment	11	13	0x1010	0x00730044	FUN_00730044	0x1	1		yes		constructor	FUN_0072eef4	
155	Clean Up Positions		MIDI Environment	11	14	0x1010	0x00730444	FUN_00730444	0x0	1		yes		constructor	FUN_0072eef4	
156	Reset Sizes		MIDI Environment	11	15	0x1010	0x00730614	FUN_00730614	0x0	1		yes		constructor	FUN_0072eef4	
157	Align Objects		MIDI Environment	11	16	0x1010	0x007307f8	FUN_007307f8	0x0	1		yes		constructor	FUN_0072eef4	
168	Object move left		MIDI Environment	11	17	0x1010	0x00730c08	FUN_00730c08	0x0	8		yes		constructor	FUN_0072eef4	
169	Object move right		MIDI Environment	11	18	0x1010	0x00730c08	FUN_00730c08	0x1	8		yes		constructor	FUN_0072eef4	
170	Object move up		MIDI Environment	11	19	0x1010	0x00730c08	FUN_00730c08	0x2	8		yes		constructor	FUN_0072eef4	
171	Object move down		MIDI Environment	11	20	0x1010	0x00730c08	FUN_00730c08	0x3	8		yes		constructor	FUN_0072eef4	
172	Object Width -1 Pixel		MIDI Environment	11	21	0x1010	0x00730c08	FUN_00730c08	0x4	8		yes		constructor	FUN_0072eef4	
173	Object Width +1 Pixel		MIDI Environment	11	22	0x1010	0x00730c08	FUN_00730c08	0x5	8		yes		constructor	FUN_0072eef4	
174	Object Height -1 Pixel		MIDI Environment	11	23	0x1010	0x00730c08	FUN_00730c08	0x6	8		yes		constructor	FUN_0072eef4	
175	Object Height +1 Pixel		MIDI Environment	11	24	0x1010	0x00730c08	FUN_00730c08	0x7	8		yes		constructor	FUN_0072eef4	
161	Show/Hide Cables		MIDI Environment	11	25	0x1010	0x0071b150	FUN_0071b150	0x0	1		yes		constructor	FUN_0072eef4	
176	Protect Cabling/Positions		MIDI Environment	11	26	0x1010	0x0071aff4	FUN_0071aff4	0x0	1		yes		constructor	FUN_0072eef4	
177	Define Custom Bank Messages…		MIDI Environment	11	27	0x1010	0x0073110c	FUN_0073110c	0x0	1		yes		constructor	FUN_0072eef4	
164	Toggle Channel Display Default of Multi-Instrument		MIDI Environment	11	28	0x1010	0x0073146c	FUN_0073146c	0x0	1		yes		constructor	FUN_0072eef4	
178	Select Used Instruments		MIDI Environment	11	29	0x1010	0x00731634	FUN_00731634	0x0	2		yes		constructor	FUN_0072eef4	
179	Select Unused Instruments		MIDI Environment	11	30	0x1010	0x00731634	FUN_00731634	0x1	2		yes		constructor	FUN_0072eef4	
162	Select Cable Destination		MIDI Environment	11	31	0x1010	0x00732284	FUN_00732284	0x0	2		yes		constructor	FUN_0072eef4	
191	Select Cable Origin		MIDI Environment	11	32	0x1010	0x00732284	FUN_00732284	0x1	2		yes		constructor	FUN_0072eef4	
193	Select Next Object Above		MIDI Environment	11	33	0x1010	0x00732630	FUN_00732630	0x0	4		yes		constructor	FUN_0072eef4	
192	Select Next Object Below		MIDI Environment	11	34	0x1010	0x00732630	FUN_00732630	0x1	4		yes		constructor	FUN_0072eef4	
194	Select Next Object Left		MIDI Environment	11	35	0x1010	0x00732630	FUN_00732630	0x2	4		yes		constructor	FUN_0072eef4	
195	Select Next Object Right		MIDI Environment	11	36	0x1010	0x00732630	FUN_00732630	0x3	4		yes		constructor	FUN_0072eef4	
163	Go to Layer of Object		MIDI Environment	11	37	0x1010	0x0072ece4	FUN_0072ece4	0x0	2		yes		constructor	FUN_0072eef4	
190	Go to Previous Layer		MIDI Environment	11	38	0x1010	0x0072ece4	FUN_0072ece4	0x1	2		yes		constructor	FUN_0072eef4	
166	Send Selected Fader Values		MIDI Environment	11	39	0x1010	0x007329d4	FUN_007329d4	0x0	1		yes		constructor	FUN_0072eef4	
180	Delete Layer		MIDI Environment	11	40	0x1010	0x00732bf4	FUN_00732bf4	0x0	1		yes		constructor	FUN_0072eef4	
181	Create Layer		MIDI Environment	11	41	0x1010	0x007331e0	FUN_007331e0	0x0	1		yes		constructor	FUN_0072eef4	
182	Cable serially		MIDI Environment	11	42	0x1010	0x006372c4	FUN_006372c4	0x0	1		yes		constructor	FUN_0072eef4	
183	Apply Buffer Template to Position and Size		MIDI Environment	11	43	0x1010	0x00637824	FUN_00637824	0x0	7		yes		constructor	FUN_0072eef4	
184	Apply Buffer Template to Position		MIDI Environment	11	44	0x1010	0x00637824	FUN_00637824	0x1	7		yes		constructor	FUN_0072eef4	
185	Apply Buffer Template to Size		MIDI Environment	11	45	0x1010	0x00637824	FUN_00637824	0x2	7		yes		constructor	FUN_0072eef4	
186	Apply Buffer Template to Definition		MIDI Environment	11	46	0x1010	0x00637824	FUN_00637824	0x3	7		yes		constructor	FUN_0072eef4	
187	Apply Buffer Template to Definition, channel increment		MIDI Environment	11	47	0x1010	0x00637824	FUN_00637824	0x4	7		yes		constructor	FUN_0072eef4	
188	Apply Buffer Template to Definition, number increment		MIDI Environment	11	48	0x1010	0x00637824	FUN_00637824	0x5	7		yes		constructor	FUN_0072eef4	
189	Apply Buffer Template to Cables		MIDI Environment	11	49	0x1010	0x00637824	FUN_00637824	0x6	7		yes		constructor	FUN_0072eef4	
2259	Include Non-Note MIDI Events		Piano Roll	12	0	0x7042	0x007bed7c	FUN_007bed7c	0x0	1		yes		constructor	FUN_007c2504	
2260	View Mode: One Track		Piano Roll	12	1	0x7042	0x007beee4	FUN_007beee4	0x0	3		yes		constructor	FUN_007c2504	
2261	View Mode: Selected Regions		Piano Roll	12	2	0x7042	0x007beee4	FUN_007beee4	0x1	3		yes		constructor	FUN_007c2504	
2266	Toggle View Mode		Piano Roll	12	3	0x7042	0x007beee4	FUN_007beee4	0xffffffffffffffff	3		yes		constructor	FUN_007c2504	
2269	Toggle Time Handles		Piano Roll	12	4	0x7042	0x007beb04	FUN_007beb04	0x0	1		yes		constructor	FUN_007c2504	
2262	Set Note Color By Region Color		Piano Roll	12	5	0x7042	0x007b6944	FUN_007b6944	0x1	4		yes		constructor	FUN_007c2504	
2263	Set Note Color By Velocity		Piano Roll	12	6	0x7042	0x007b6944	FUN_007b6944	0x0	4		yes		constructor	FUN_007c2504	
2264	Set Note Color By MIDI Channel		Piano Roll	12	7	0x7042	0x007b6944	FUN_007b6944	0x2	4		yes		constructor	FUN_007c2504	
2582	Set Note Color By Articulation		Piano Roll	12	8	0x7042	0x007b6944	FUN_007b6944	0x3	4		yes		constructor	FUN_007c2504	
2277	Define Brush Pattern and Set Brush Tool		Piano Roll	12	9	0x7042	0x007c27ec	FUN_007c27ec	0x0	1		yes		constructor	FUN_007c2504	
2278	Reset Brush Pattern		Piano Roll	12	10	0x7042	0x007c2b9c	FUN_007c2b9c	0x0	1		yes		constructor	FUN_007c2504	
2498	Toggle Collapse Mode		Piano Roll	12	11	0x7042	0x007c2ed0	FUN_007c2ed0	0x0	1		yes		constructor	FUN_007c2504	
203	Linear Axis View		Score Editor	13	0	0x7048	0x014d22d4	FUN_014d22d4	0x1	3		yes		constructor	FUN_014d6350	
836	Wrapped View		Score Editor	13	1	0x7048	0x014d22d4	FUN_014d22d4	0x2	3		yes		constructor	FUN_014d6350	
202	Page View		Score Editor	13	2	0x7048	0x014d22d4	FUN_014d22d4	0x3	3		yes		constructor	FUN_014d6350	
837	Change View		Score Editor	13	3	0x7048	0x014d837c	FUN_014d837c	0x0	1		yes		constructor	FUN_014d6350	
200	Explode Folders		Score Editor	13	4	0x7048	0x014d6018	FUN_014d6018	0x0	1		yes		constructor	FUN_014d6350	
201	Explode Polyphony		Score Editor	13	5	0x7048	0x014d61bc	FUN_014d61bc	0x0	1		yes		constructor	FUN_014d6350	
208	Show/Hide Instrument Names		Score Editor	13	6	0x7048	0x014d24f4	FUN_014d24f4	0x0	1		yes		constructor	FUN_014d6350	
209	Show/Hide Page Rulers		Score Editor	13	7	0x7048	0x014d57ac	FUN_014d57ac	0x0	1		yes		constructor	FUN_014d6350	
259	Color View: individual		Score Editor	13	8	0x7048	0x014d520c	FUN_014d520c	0x0	5		yes		constructor	FUN_014d6350	
260	Color View: Show Pitch		Score Editor	13	9	0x7048	0x014d520c	FUN_014d520c	0x1	5		yes		constructor	FUN_014d6350	
261	Color View: Show Velocity		Score Editor	13	10	0x7048	0x014d520c	FUN_014d520c	0x2	5		yes		constructor	FUN_014d6350	
269	Color View: Show Polyphony		Score Editor	13	11	0x7048	0x014d520c	FUN_014d520c	0x3	5		yes		constructor	FUN_014d6350	
205	Color View: Force Black and White		Score Editor	13	12	0x7048	0x014d520c	FUN_014d520c	0x5	5		yes		constructor	FUN_014d6350	
206	Toggle Duration Bar Display		Score Editor	13	13	0x7048	0x014d5994	FUN_014d5994	0xffffffffffffffff	1		yes		constructor	FUN_014d6350	
207	Toggle Guide Line Display		Score Editor	13	14	0x7048	0x014d5b94	FUN_014d5b94	0xffffffffffffffff	1		yes		constructor	FUN_014d6350	
204	Go to Page…		Score Editor	13	15	0x7048	0x00a37660	FUN_00a37660	0x0	1		no: suppressed		constructor	FUN_014d6350	
210	Paste Multiple		Score Editor	13	16	0x7048	0x00508d70	FUN_00508d70	0x0	1		yes		constructor	FUN_014d6350	
211	Paste Multiple at original Position		Score Editor	13	17	0x7048	0x00508f4c	FUN_00508f4c	0x0	1		yes		constructor	FUN_014d6350	
838	Diatonic Insert		Score Editor	13	18	0x7048	0x014d4c90	FUN_014d4c90	0x0	1		yes		constructor	FUN_014d6350	
842	Snap on/off		Score Editor	13	19	0x7048	0x014d4e14	FUN_014d4e14	0x0	1		yes		constructor	FUN_014d6350	
215	Next Staff		Score Editor	13	20	0x7048	0x0050a590	FUN_0050a590	0x1	2		yes		constructor	FUN_014d6350	
216	Previous Staff		Score Editor	13	21	0x7048	0x0050a590	FUN_0050a590	0x2	2		yes		constructor	FUN_014d6350	
833	Select All Regions and Events		Score Editor	13	22	0x7048	0x00509824	FUN_00509824	0x0	1		yes		constructor	FUN_014d6350	
219	Default Syncopation		Score Editor	13	23	0x7048	0x0050cf28	FUN_0050cf28	0x3	3		yes		constructor	FUN_014d6350	
217	Force Syncopation		Score Editor	13	24	0x7048	0x0050cf28	FUN_0050cf28	0x1	3		yes		constructor	FUN_014d6350	
218	Defeat Syncopation		Score Editor	13	25	0x7048	0x0050cf28	FUN_0050cf28	0x2	3		yes		constructor	FUN_014d6350	
222	Default Interpretation		Score Editor	13	26	0x7048	0x0050d128	FUN_0050d128	0x30	3		yes		constructor	FUN_014d6350	
220	Force Interpretation		Score Editor	13	27	0x7048	0x0050d128	FUN_0050d128	0x10	3		yes		constructor	FUN_014d6350	
221	Defeat Interpretation		Score Editor	13	28	0x7048	0x0050d128	FUN_0050d128	0x20	3		yes		constructor	FUN_014d6350	
840	Fix Displayed Note Positions		Score Editor	13	29	0x7048	0x015bda04	FUN_015bda04	0x0	2		yes		constructor	FUN_014d6350	
841	Fix Displayed Note Positions and Durations		Score Editor	13	30	0x7048	0x015bda04	FUN_015bda04	0x1	2		yes		constructor	FUN_014d6350	
223	Stems: default		Score Editor	13	31	0x7048	0x0050bad0	FUN_0050bad0	0x0	4		yes		constructor	FUN_014d6350	
224	Stems: up		Score Editor	13	32	0x7048	0x0050bad0	FUN_0050bad0	0x1	4		yes		constructor	FUN_014d6350	
225	Stems: down		Score Editor	13	33	0x7048	0x0050bad0	FUN_0050bad0	0x2	4		yes		constructor	FUN_014d6350	
226	Stems: hide		Score Editor	13	34	0x7048	0x0050bad0	FUN_0050bad0	0x3	4		yes		constructor	FUN_014d6350	
818	Stem Position: Default		Score Editor	13	35	0x7048	0x0050bf08	FUN_0050bf08	0x0	4		yes		constructor	FUN_014d6350	
819	Stem Position: Center		Score Editor	13	36	0x7048	0x0050bf08	FUN_0050bf08	0x4	4		yes		constructor	FUN_014d6350	
820	Stem Position: Automatic		Score Editor	13	37	0x7048	0x0050bf08	FUN_0050bf08	0x8	4		yes		constructor	FUN_014d6350	
821	Stem Position: Side		Score Editor	13	38	0x7048	0x0050bf08	FUN_0050bf08	0xc	4		yes		constructor	FUN_014d6350	
810	Stem End: Default Length		Score Editor	13	39	0x7048	0x0050bce4	FUN_0050bce4	0x0	3		yes		constructor	FUN_014d6350	
811	Stem End: Move Up		Score Editor	13	40	0x7048	0x0050bce4	FUN_0050bce4	0x1	3		yes		constructor	FUN_014d6350	
812	Stem End: Move Down		Score Editor	13	41	0x7048	0x0050bce4	FUN_0050bce4	0x2	3		yes		constructor	FUN_014d6350	
813	Voice/Staff Assignment: default		Score Editor	13	42	0x7048	0x0050c108	FUN_0050c108	0x0	3		yes		constructor	FUN_014d6350	
814	Voice/Staff Assignment: staff above voice		Score Editor	13	43	0x7048	0x0050c108	FUN_0050c108	0x1	3		yes		constructor	FUN_014d6350	
815	Voice/Staff Assignment: staff below voice		Score Editor	13	44	0x7048	0x0050c108	FUN_0050c108	0x2	3		yes		constructor	FUN_014d6350	
227	Ties: default		Score Editor	13	45	0x7048	0x0050c77c	FUN_0050c77c	0x0	3		yes		constructor	FUN_014d6350	
228	Ties: up		Score Editor	13	46	0x7048	0x0050c77c	FUN_0050c77c	0x1	3		yes		constructor	FUN_014d6350	
229	Ties: down		Score Editor	13	47	0x7048	0x0050c77c	FUN_0050c77c	0x2	3		yes		constructor	FUN_014d6350	
230	Beam Selected Notes		Score Editor	13	48	0x7048	0x0050d328	FUN_0050d328	0x7	3		yes		constructor	FUN_014d6350	
231	Unbeam Selected Notes		Score Editor	13	49	0x7048	0x0050d328	FUN_0050d328	0x8	3		yes		constructor	FUN_014d6350	
232	Default Beams		Score Editor	13	50	0x7048	0x0050d328	FUN_0050d328	0x0	3		yes		constructor	FUN_014d6350	
234	Not Independent		Score Editor	13	51	0x7048	0x0050cd48	FUN_0050cd48	0x0	3		yes		constructor	FUN_014d6350	
235	Independent		Score Editor	13	52	0x7048	0x0050cd48	FUN_0050cd48	0x1	3		yes		constructor	FUN_014d6350	
236	Independent Grace		Score Editor	13	53	0x7048	0x0050cd48	FUN_0050cd48	0x2	3		yes		constructor	FUN_014d6350	
238	Default Accidentals		Score Editor	13	54	0x7048	0x0050b334	FUN_0050b334	0x0	9		yes		constructor	FUN_014d6350	
239	Enharmonic Shift: #		Score Editor	13	55	0x7048	0x0050b334	FUN_0050b334	0x1	9		yes		constructor	FUN_014d6350	
240	Enharmonic Shift: b		Score Editor	13	56	0x7048	0x0050b334	FUN_0050b334	0x2	9		yes		constructor	FUN_014d6350	
237	Flats to Sharps		Score Editor	13	57	0x7048	0x0050b334	FUN_0050b334	0x6	9		yes		constructor	FUN_014d6350	
253	Sharps to Flats		Score Editor	13	58	0x7048	0x0050b334	FUN_0050b334	0x7	9		yes		constructor	FUN_014d6350	
241	Force Accidental		Score Editor	13	59	0x7048	0x0050b334	FUN_0050b334	0x3	9		yes		constructor	FUN_014d6350	
242	Hide Accidental		Score Editor	13	60	0x7048	0x0050b334	FUN_0050b334	0x4	9		yes		constructor	FUN_014d6350	
243	Guide Accidental		Score Editor	13	61	0x7048	0x0050b334	FUN_0050b334	0x5	9		yes		constructor	FUN_014d6350	
1592	Force Accidental (only flats & sharps)		Score Editor	13	62	0x7048	0x0050b334	FUN_0050b334	0x8	9		yes		constructor	FUN_014d6350	
258	Reset Note Attributes		Score Editor	13	63	0x7048	0x0050acbc	FUN_0050acbc	0x0	1		yes		constructor	FUN_014d6350	
244	Reset Line Layout		Score Editor	13	64	0x7048	0x014d4788	FUN_014d4788	0x0	1		yes		constructor	FUN_014d6350	
245	Align Object Positions Vertically		Score Editor	13	65	0x7048	0x0050e530	FUN_0050e530	0x0	3		yes		constructor	FUN_014d6350	
246	Align Object Positions Horizontally		Score Editor	13	66	0x7048	0x0050e530	FUN_0050e530	0x1	3		yes		constructor	FUN_014d6350	
247	Align Object Positions		Score Editor	13	67	0x7048	0x0050e530	FUN_0050e530	0x2	3		yes		constructor	FUN_014d6350	
257	Assign MIDI Channels based on Score Split		Score Editor	13	68	0x7048	0x014d8548	FUN_014d8548	0x0	1		yes		constructor	FUN_014d6350	
295	Nudge Position Up		Score Editor	13	69	0x7048	0x004fe48c	FUN_004fe48c	0x0	4		yes		constructor	FUN_014d6350	
296	Nudge Position Down		Score Editor	13	70	0x7048	0x004fe48c	FUN_004fe48c	0x1	4		yes		constructor	FUN_014d6350	
297	Nudge Position Left		Score Editor	13	71	0x7048	0x004fe48c	FUN_004fe48c	0x2	4		yes		constructor	FUN_014d6350	
298	Nudge Position Right		Score Editor	13	72	0x7048	0x004fe48c	FUN_004fe48c	0x3	4		yes		constructor	FUN_014d6350	
250	Settings: Global Format		Score Editor	13	73	0x7048	0x00827048	FUN_00827048	0x5	18		yes		constructor	FUN_014d6350	
251	Settings: Numbers and Names		Score Editor	13	74	0x7048	0x00827048	FUN_00827048	0x6	18		yes		constructor	FUN_014d6350	
252	Settings: Guitar Tablature		Score Editor	13	75	0x7048	0x00827048	FUN_00827048	0x7	18		yes		constructor	FUN_014d6350	
299	Settings: Chords and Grids		Score Editor	13	76	0x7048	0x00827048	FUN_00827048	0x8	18		yes		constructor	FUN_014d6350	
255	Settings: Clefs and Signatures		Score Editor	13	77	0x7048	0x00827048	FUN_00827048	0x9	18		yes		constructor	FUN_014d6350	
816	Settings: Extended Layout		Score Editor	13	78	0x7048	0x00827048	FUN_00827048	0xa	18		yes		constructor	FUN_014d6350	
817	Settings: MIDI Meaning		Score Editor	13	79	0x7048	0x00827048	FUN_00827048	0xb	18		yes		constructor	FUN_014d6350	
254	Settings: Score Colors		Score Editor	13	80	0x7048	0x00827048	FUN_00827048	0xc	18		yes		constructor	FUN_014d6350	
262	Create Score Set from Selection		Score Editor	13	81	0x7048	0x011d60cc	FUN_011d60cc	0x0	1		yes		constructor	FUN_014d6350	
263	Part Box: 1/1 Note		Score Editor	13	82	0x7048	0x0157cf28	FUN_0157cf28	0x5	6		yes		constructor	FUN_014d6350	
264	Part Box: 1/2 Note		Score Editor	13	83	0x7048	0x0157cf28	FUN_0157cf28	0x4	6		yes		constructor	FUN_014d6350	
265	Part Box: 1/4 Note		Score Editor	13	84	0x7048	0x0157cf28	FUN_0157cf28	0x3	6		yes		constructor	FUN_014d6350	
266	Part Box: 1/8 Note		Score Editor	13	85	0x7048	0x0157cf28	FUN_0157cf28	0x2	6		yes		constructor	FUN_014d6350	
267	Part Box: 1/16 Note		Score Editor	13	86	0x7048	0x0157cf28	FUN_0157cf28	0x1	6		yes		constructor	FUN_014d6350	
268	Part Box: 1/32 Note		Score Editor	13	87	0x7048	0x0157cf28	FUN_0157cf28	0x0	6		yes		constructor	FUN_014d6350	
270	Next Part Box Symbol		Score Editor	13	88	0x7048	0x0157d0c8	FUN_0157d0c8	0x0	4		yes		constructor	FUN_014d6350	
271	Previous Part Box Symbol		Score Editor	13	89	0x7048	0x0157d0c8	FUN_0157d0c8	0x1	4		yes		constructor	FUN_014d6350	
272	Next Part Box Group		Score Editor	13	90	0x7048	0x0157d0c8	FUN_0157d0c8	0x2	4		yes		constructor	FUN_014d6350	
273	Previous Part Box Group		Score Editor	13	91	0x7048	0x0157d0c8	FUN_0157d0c8	0x3	4		yes		constructor	FUN_014d6350	
274	Attach Symbol: Fermata Up		Score Editor	13	92	0x7048	0x0050d528	FUN_0050d528	0x0	22		yes		constructor	FUN_014d6350	
275	Attach Symbol: Fermata Down		Score Editor	13	93	0x7048	0x0050d528	FUN_0050d528	0x13	22		yes		constructor	FUN_014d6350	
276	Attach Symbol: Staccato		Score Editor	13	94	0x7048	0x0050d528	FUN_0050d528	0x3	22		yes		constructor	FUN_014d6350	
277	Attach Symbol: Staccatissimo		Score Editor	13	95	0x7048	0x0050d528	FUN_0050d528	0x4	22		yes		constructor	FUN_014d6350	
278	Attach Symbol: Accent		Score Editor	13	96	0x7048	0x0050d528	FUN_0050d528	0x5	22		yes		constructor	FUN_014d6350	
292	Attach Symbol: Strong Accent		Score Editor	13	97	0x7048	0x0050d528	FUN_0050d528	0x7	22		yes		constructor	FUN_014d6350	
293	Attach Symbol: Long Accent		Score Editor	13	98	0x7048	0x0050d528	FUN_0050d528	0x18	22		yes		constructor	FUN_014d6350	
279	Attach Symbol: Tenuto		Score Editor	13	99	0x7048	0x0050d528	FUN_0050d528	0x9	22		yes		constructor	FUN_014d6350	
280	Attach Symbol: Up-Bow		Score Editor	13	100	0x7048	0x0050d528	FUN_0050d528	0x6	22		yes		constructor	FUN_014d6350	
281	Attach Symbol: Down-Bow		Score Editor	13	101	0x7048	0x0050d528	FUN_0050d528	0xb	22		yes		constructor	FUN_014d6350	
282	Attach Symbol: Flageolet		Score Editor	13	102	0x7048	0x0050d528	FUN_0050d528	0xc	22		yes		constructor	FUN_014d6350	
283	Attach Symbol: Pizzicato		Score Editor	13	103	0x7048	0x0050d528	FUN_0050d528	0xd	22		yes		constructor	FUN_014d6350	
284	Attach Symbol: Left Hand		Score Editor	13	104	0x7048	0x0050d528	FUN_0050d528	0xe	22		yes		constructor	FUN_014d6350	
285	Attach Symbol: Right Hand		Score Editor	13	105	0x7048	0x0050d528	FUN_0050d528	0xf	22		yes		constructor	FUN_014d6350	
286	Attach Symbol: Soft		Score Editor	13	106	0x7048	0x0050d528	FUN_0050d528	0x10	22		yes		constructor	FUN_014d6350	
287	Attach Symbol: Heavy		Score Editor	13	107	0x7048	0x0050d528	FUN_0050d528	0x11	22		yes		constructor	FUN_014d6350	
800	Attach Symbol: Jazz 1		Score Editor	13	108	0x7048	0x0050d528	FUN_0050d528	0x19	22		yes		constructor	FUN_014d6350	
801	Attach Symbol: Jazz 2		Score Editor	13	109	0x7048	0x0050d528	FUN_0050d528	0x1a	22		yes		constructor	FUN_014d6350	
802	Attach Symbol: Jazz 3		Score Editor	13	110	0x7048	0x0050d528	FUN_0050d528	0x1b	22		yes		constructor	FUN_014d6350	
803	Attach Symbol: Jazz 4		Score Editor	13	111	0x7048	0x0050d528	FUN_0050d528	0x1c	22		yes		constructor	FUN_014d6350	
804	Attach Symbol: Jazz 5		Score Editor	13	112	0x7048	0x0050d528	FUN_0050d528	0x1d	22		yes		constructor	FUN_014d6350	
805	Attach Symbol: Jazz 6		Score Editor	13	113	0x7048	0x0050d528	FUN_0050d528	0x1e	22		yes		constructor	FUN_014d6350	
288	Insert: Slur Up		Score Editor	13	114	0x7048	0x015bd890	FUN_015bd890	0x0	4		yes		constructor	FUN_014d6350	
289	Insert: Slur Down		Score Editor	13	115	0x7048	0x015bd890	FUN_015bd890	0x1	4		yes		constructor	FUN_014d6350	
290	Insert: Crescendo		Score Editor	13	116	0x7048	0x015bd890	FUN_015bd890	0x2	4		yes		constructor	FUN_014d6350	
291	Insert: Decrescendo		Score Editor	13	117	0x7048	0x015bd890	FUN_015bd890	0x3	4		yes		constructor	FUN_014d6350	
1539	Clear main finger		Score Editor	13	118	0x7048	0x0050cb4c	FUN_0050cb4c	0x0	12		yes		constructor	FUN_014d6350	
1540	Set main finger 1		Score Editor	13	119	0x7048	0x0050cb4c	FUN_0050cb4c	0x1	12		yes		constructor	FUN_014d6350	
1541	Set main finger 2		Score Editor	13	120	0x7048	0x0050cb4c	FUN_0050cb4c	0x2	12		yes		constructor	FUN_014d6350	
1542	Set main finger 3		Score Editor	13	121	0x7048	0x0050cb4c	FUN_0050cb4c	0x3	12		yes		constructor	FUN_014d6350	
1543	Set main finger 4		Score Editor	13	122	0x7048	0x0050cb4c	FUN_0050cb4c	0x4	12		yes		constructor	FUN_014d6350	
1544	Set main finger 5		Score Editor	13	123	0x7048	0x0050cb4c	FUN_0050cb4c	0x5	12		yes		constructor	FUN_014d6350	
1545	Clear pick finger		Score Editor	13	124	0x7048	0x0050cb4c	FUN_0050cb4c	0x10	12		yes		constructor	FUN_014d6350	
1546	Set pick finger P		Score Editor	13	125	0x7048	0x0050cb4c	FUN_0050cb4c	0x11	12		yes		constructor	FUN_014d6350	
1547	Set pick finger I		Score Editor	13	126	0x7048	0x0050cb4c	FUN_0050cb4c	0x12	12		yes		constructor	FUN_014d6350	
1548	Set pick finger M		Score Editor	13	127	0x7048	0x0050cb4c	FUN_0050cb4c	0x13	12		yes		constructor	FUN_014d6350	
1549	Set pick finger A		Score Editor	13	128	0x7048	0x0050cb4c	FUN_0050cb4c	0x14	12		yes		constructor	FUN_014d6350	
1550	Set pick finger C		Score Editor	13	129	0x7048	0x0050cb4c	FUN_0050cb4c	0x15	12		yes		constructor	FUN_014d6350	
826	Convert Auto Slur		Score Editor	13	130	0x7048	0x015bdb80	FUN_015bdb80	0xfffffffffffffffe	7		yes		constructor	FUN_014d6350	
827	Reset Auto Slur		Score Editor	13	131	0x7048	0x015bdb80	FUN_015bdb80	0xfffffffffffffffd	7		yes		constructor	FUN_014d6350	
823	Slur Auto Direction		Score Editor	13	132	0x7048	0x015bdb80	FUN_015bdb80	0x1	7		yes		constructor	FUN_014d6350	
824	Auto Slur Above		Score Editor	13	133	0x7048	0x015bdb80	FUN_015bdb80	0x2	7		yes		constructor	FUN_014d6350	
825	Auto Slur Below		Score Editor	13	134	0x7048	0x015bdb80	FUN_015bdb80	0x3	7		yes		constructor	FUN_014d6350	
822	Slur Last Note		Score Editor	13	135	0x7048	0x015bdb80	FUN_015bdb80	0x0	7		yes		constructor	FUN_014d6350	
828	Slurs for non-contiguous selected notes		Score Editor	13	136	0x7048	0x015bdb80	FUN_015bdb80	0xfffffffffffffffc	7		yes		constructor	FUN_014d6350	
2596	Duplicate Staff Style		Score Editor	13	137	0x7048	0x01660fbc	FUN_01660fbc	0x0	1		yes		constructor	FUN_014d6350	
2597	Open Staff Style Window		Score Editor	13	138	0x7048	0x01661120	FUN_01661120	0x0	1		yes		constructor	FUN_014d6350	
300	Select Previous Event		Event Editor	14	0	0x2081	0x005fb574	FUN_005fb574	0x2	10		yes		static array	0x022af250	
301	Select Next Event		Event Editor	14	1	0x2081	0x005fb574	FUN_005fb574	0x3	10		yes		static array	0x022af250	
303	Length as Absolute Position		Event Editor	14	2	0x2081	0x00602864	FUN_00602864	0x0	1		yes		static array	0x022af250	
305	Articulation		Event Editor	14	3	0x2081	0x006030b0	FUN_006030b0	0x20000002348728	1		yes		static array	0x022af250	
314	Relative Position		Event Editor	14	4	0x2081	0x00603278	FUN_00603278	0x0	1		yes		static array	0x022af250	
313	Numerical Edit of Event Position		Event Editor	14	5	0x2081	0x00a1367c	FUN_00a1367c	0x0	2		yes		static array	0x022af250	
316	Duplicate Event and Numerical Edit		Event Editor	14	6	0x2081	0x00a1367c	FUN_00a1367c	0x17	2		yes		static array	0x022af250	
315	Copy Value to All Following Events		Event Editor	14	7	0x2081	0x006033ac	FUN_006033ac	0x0	1		yes		static array	0x022af250	
326	Create Event		Event Editor	14	8	0x2081	0x00602960	FUN_00602960	0x0	1		yes		static array	0x022af250	
659	Create Lane Set		Step Editor	15	0	0x7043	0x00f754c8	FUN_00f754c8	0x0	3		yes		constructor	FUN_00f81ef8	
660	Create Lane Set for GM Drums		Step Editor	15	1	0x7043	0x00f754c8	FUN_00f754c8	0x1	3		yes		constructor	FUN_00f81ef8	
661	Create Lane Set for Current Events		Step Editor	15	2	0x7043	0x00f754c8	FUN_00f754c8	0x2	3		yes		constructor	FUN_00f81ef8	
662	Clear Lane Set		Step Editor	15	3	0x7043	0x00f75938	FUN_00f75938	0x0	1		yes		constructor	FUN_00f81ef8	
650	Create Lane		Step Editor	15	4	0x7043	0x00f75de8	FUN_00f75de8	0x0	1		yes		constructor	FUN_00f81ef8	
651	Delete Lane		Step Editor	15	5	0x7043	0x00f7607c	FUN_00f7607c	0x0	1		yes		constructor	FUN_00f81ef8	
652	Create Multiple Lanes…		Step Editor	15	6	0x7043	0x00f763a4	FUN_00f763a4	0x0	1		no: suppressed		constructor	FUN_00f81ef8	
653	Convert Lane…		Step Editor	15	7	0x7043	0x00f76a58	FUN_00f76a58	0x0	1		no: suppressed		constructor	FUN_00f81ef8	
654	Copy Lane		Step Editor	15	8	0x7043	0x005dc320	FUN_005dc320	0x0	1		yes		constructor	FUN_00f81ef8	
655	Paste Lane		Step Editor	15	9	0x7043	0x005dc460	FUN_005dc460	0x0	1		yes		constructor	FUN_00f81ef8	
656	Select All Lanes		Step Editor	15	10	0x7043	0x00f76d0c	FUN_00f76d0c	0x0	1		yes		constructor	FUN_00f81ef8	
657	Toggle Fix Value		Step Editor	15	11	0x7043	0x00f822c0	FUN_00f822c0	0x2	2		yes		constructor	FUN_00f81ef8	
658	Toggle Auto Define		Step Editor	15	12	0x7043	0x00f822c0	FUN_00f822c0	0x1	2		yes		constructor	FUN_00f81ef8	
663	Select Next Lane		Step Editor	15	13	0x7043	0x00f826d8	FUN_00f826d8	0x0	2		yes		constructor	FUN_00f81ef8	
664	Select Previous Lane		Step Editor	15	14	0x7043	0x00f826d8	FUN_00f826d8	0x1	2		yes		constructor	FUN_00f81ef8	
665	Delete Lane Set		Step Editor	15	15	0x7043	0x00f75bd4	FUN_00f75bd4	0x0	1		yes		constructor	FUN_00f81ef8	
2895	Show/Hide Pattern Browser		Step Sequencer	16	0	0x606d	0x00a389f4	FUN_00a389f4	0x0	1		yes		static array	0x022be908	
2850	Repeat Step		Step Sequencer	16	1	0x606d	0x00a38b54	FUN_00a38b54	0x4	12		yes		static array	0x022be908	
2877	Copy Row		Step Sequencer	16	2	0x606d	0x00a38b54	FUN_00a38b54	0x5	12		yes		static array	0x022be908	
2878	Paste Row		Step Sequencer	16	3	0x606d	0x00a38b54	FUN_00a38b54	0x6	12		yes		static array	0x022be908	
2879	Paste Steps		Step Sequencer	16	4	0x606d	0x00a38b54	FUN_00a38b54	0x7	12		yes		static array	0x022be908	
2880	Paste Row Settings		Step Sequencer	16	5	0x606d	0x00a38b54	FUN_00a38b54	0x8	12		yes		static array	0x022be908	
2881	Paste to New Row		Step Sequencer	16	6	0x606d	0x00a38b54	FUN_00a38b54	0x9	12		yes		static array	0x022be908	
2882	Duplicate Row with Next Assignment		Step Sequencer	16	7	0x606d	0x00a38b54	FUN_00a38b54	0xa	12		yes		static array	0x022be908	
2892	Delete Row		Step Sequencer	16	8	0x606d	0x00a38b54	FUN_00a38b54	0xb	12		yes		static array	0x022be908	
2966	Delete Unused Rows		Step Sequencer	16	9	0x606d	0x00a38b54	FUN_00a38b54	0x11	12		yes		static array	0x022be908	
2883	Clear Step		Step Sequencer	16	10	0x606d	0x00a38b54	FUN_00a38b54	0x12	12		yes		static array	0x022be908	
2884	Clear Row		Step Sequencer	16	11	0x606d	0x00a38b54	FUN_00a38b54	0x13	12		yes		static array	0x022be908	
2885	Clear Pattern		Step Sequencer	16	12	0x606d	0x00a38b54	FUN_00a38b54	0x14	12		yes		static array	0x022be908	
2857	Learn (Add)		Step Sequencer	16	13	0x606d	0x00a386f8	FUN_00a386f8	0x0	1		yes		static array	0x022be908	
2870	Learn (Assign)		Step Sequencer	16	14	0x606d	0x00a39000	FUN_00a39000	0x0	1		yes		static array	0x022be908	
2858	Store as Default Pattern Template		Step Sequencer	16	15	0x606d	0x00a39170	FUN_00a39170	0x0	1		yes		static array	0x022be908	
2859	Revert to Default Pattern Template		Step Sequencer	16	16	0x606d	0x00a39318	FUN_00a39318	0x0	1		yes		static array	0x022be908	
2886	Transpose +1 Semitone		Step Sequencer	16	17	0x606d	0x00a394c0	FUN_00a394c0	0x15	4		yes		static array	0x022be908	
2887	Transpose -1 Semitone		Step Sequencer	16	18	0x606d	0x00a394c0	FUN_00a394c0	0x16	4		yes		static array	0x022be908	
2888	Transpose +1 Octave		Step Sequencer	16	19	0x606d	0x00a394c0	FUN_00a394c0	0x17	4		yes		static array	0x022be908	
2889	Transpose -1 Octave		Step Sequencer	16	20	0x606d	0x00a394c0	FUN_00a394c0	0x18	4		yes		static array	0x022be908	
2890	Transpose to Project Key		Step Sequencer	16	21	0x606d	0x00a39728	FUN_00a39728	0x0	1		yes		static array	0x022be908	
2972	Clear Current Edit Mode Values for Row		Step Sequencer	16	22	0x606d	0x00a39904	FUN_00a39904	0xffffffffffffffff	1		yes		static array	0x022be908	
2973	Clear Current Edit Mode Values for All Rows		Step Sequencer	16	23	0x606d	0x00a39b60	FUN_00a39b60	0xfffffffffffffffd	3		yes		static array	0x022be908	
2995	Clear Current Edit Mode Values for All Note Rows		Step Sequencer	16	24	0x606d	0x00a39b60	FUN_00a39b60	0xfffffffffffffffe	3		yes		static array	0x022be908	
2996	Clear Current Edit Mode Values for All Automation Rows		Step Sequencer	16	25	0x606d	0x00a39b60	FUN_00a39b60	0xffffffffffffffff	3		yes		static array	0x022be908	
2862	Randomize Current Edit Mode Values for Row		Step Sequencer	16	26	0x606d	0x00a39ea8	FUN_00a39ea8	0xffffffffffffffff	1		yes		static array	0x022be908	
2891	Randomize Current Edit Mode Values for All Rows		Step Sequencer	16	27	0x606d	0x00a3a0f8	FUN_00a3a0f8	0xfffffffffffffffd	3		yes		static array	0x022be908	
2997	Randomize Current Edit Mode Values for All Note Rows		Step Sequencer	16	28	0x606d	0x00a3a0f8	FUN_00a3a0f8	0xfffffffffffffffe	3		yes		static array	0x022be908	
2998	Randomize Current Edit Mode Values for All Automation Rows		Step Sequencer	16	29	0x606d	0x00a3a0f8	FUN_00a3a0f8	0xffffffffffffffff	3		yes		static array	0x022be908	
2868	Set Step Color by Region Color		Step Sequencer	16	30	0x606d	0x00a3a370	FUN_00a3a370	0x0	2		yes		static array	0x022be908	
2869	Set Step Color by Row Color		Step Sequencer	16	31	0x606d	0x00a3a370	FUN_00a3a370	0x1	2		yes		static array	0x022be908	
2872	Select Step Above		Step Sequencer	16	32	0x606d	0x00a38368	FUN_00a38368	0x0	57		yes		static array	0x022be908	
2873	Select Step Below		Step Sequencer	16	33	0x606d	0x00a38368	FUN_00a38368	0x1	57		yes		static array	0x022be908	
2874	Select Previous Step		Step Sequencer	16	34	0x606d	0x00a38368	FUN_00a38368	0x2	57		yes		static array	0x022be908	
2875	Select Next Step		Step Sequencer	16	35	0x606d	0x00a38368	FUN_00a38368	0x3	57		yes		static array	0x022be908	
2864	Live Record		Step Sequencer	16	36	0x606d	0x00a38368	FUN_00a38368	0x1a	57		yes		static array	0x022be908	
2866	Mono Mode		Step Sequencer	16	37	0x606d	0x00a38368	FUN_00a38368	0x1c	57		yes		static array	0x022be908	
2867	Rename Row		Step Sequencer	16	38	0x606d	0x00a38368	FUN_00a38368	0x2e	57		yes		static array	0x022be908	
2976	Select Next Pattern Page		Step Sequencer	16	39	0x606d	0x00a38368	FUN_00a38368	0x1e	57		yes		static array	0x022be908	
2851	Save Pattern		Step Sequencer	16	40	0x606d	0x00a3a5e0	FUN_00a3a5e0	0x0	1		yes		static array	0x022be908	
2893	Save Template		Step Sequencer	16	41	0x606d	0x00a3a740	FUN_00a3a740	0x0	1		yes		static array	0x022be908	
2897	Set Pattern Playback Mode to Forward		Step Sequencer	16	42	0x606d	0x00a38368	FUN_00a38368	0x23	57		yes		static array	0x022be908	
2898	Set Pattern Playback Mode to Reverse		Step Sequencer	16	43	0x606d	0x00a38368	FUN_00a38368	0x24	57		yes		static array	0x022be908	
2899	Set Pattern Playback Mode to Ping Pong		Step Sequencer	16	44	0x606d	0x00a38368	FUN_00a38368	0x25	57		yes		static array	0x022be908	
2950	Set Pattern Playback Mode to Shuffle		Step Sequencer	16	45	0x606d	0x00a38368	FUN_00a38368	0x26	57		yes		static array	0x022be908	
2847	Set Pattern Playback Mode to Pendulum		Step Sequencer	16	46	0x606d	0x00a38368	FUN_00a38368	0x27	57		yes		static array	0x022be908	
2848	Set Pattern Playback Mode to Wander		Step Sequencer	16	47	0x606d	0x00a38368	FUN_00a38368	0x28	57		yes		static array	0x022be908	
2849	Set Pattern Playback Mode to Random		Step Sequencer	16	48	0x606d	0x00a38368	FUN_00a38368	0x29	57		yes		static array	0x022be908	
2951	Rotate Pattern Right		Step Sequencer	16	49	0x606d	0x00a38368	FUN_00a38368	0x2c	57		yes		static array	0x022be908	
2952	Rotate Pattern Left		Step Sequencer	16	50	0x606d	0x00a38368	FUN_00a38368	0x2d	57		yes		static array	0x022be908	
2953	Solo Row		Step Sequencer	16	51	0x606d	0x00a38368	FUN_00a38368	0x3a	57		yes		static array	0x022be908	
2954	Mute Row		Step Sequencer	16	52	0x606d	0x00a38368	FUN_00a38368	0x3b	57		yes		static array	0x022be908	
2955	Set Row Playback Mode to Forward		Step Sequencer	16	53	0x606d	0x00a38368	FUN_00a38368	0x3c	57		yes		static array	0x022be908	
2956	Set Row Playback Mode to Reverse		Step Sequencer	16	54	0x606d	0x00a38368	FUN_00a38368	0x3d	57		yes		static array	0x022be908	
2957	Set Row Playback Mode to Ping Pong		Step Sequencer	16	55	0x606d	0x00a38368	FUN_00a38368	0x3e	57		yes		static array	0x022be908	
2958	Set Row Playback Mode to Shuffle		Step Sequencer	16	56	0x606d	0x00a38368	FUN_00a38368	0x3f	57		yes		static array	0x022be908	
2844	Set Row Playback Mode to Pendulum		Step Sequencer	16	57	0x606d	0x00a38368	FUN_00a38368	0x40	57		yes		static array	0x022be908	
2845	Set Row Playback Mode to Wander		Step Sequencer	16	58	0x606d	0x00a38368	FUN_00a38368	0x41	57		yes		static array	0x022be908	
2846	Set Row Playback Mode to Random		Step Sequencer	16	59	0x606d	0x00a38368	FUN_00a38368	0x42	57		yes		static array	0x022be908	
2959	Rotate Row Right		Step Sequencer	16	60	0x606d	0x00a38368	FUN_00a38368	0x43	57		yes		static array	0x022be908	
2960	Rotate Row Left		Step Sequencer	16	61	0x606d	0x00a38368	FUN_00a38368	0x44	57		yes		static array	0x022be908	
2974	Rotate Values for Current Edit Mode Right		Step Sequencer	16	62	0x606d	0x00a38368	FUN_00a38368	0x45	57		yes		static array	0x022be908	
2975	Rotate Values for Current Edit Mode Left		Step Sequencer	16	63	0x606d	0x00a38368	FUN_00a38368	0x46	57		yes		static array	0x022be908	
2961	Increment Loop Start for Row		Step Sequencer	16	64	0x606d	0x00a38368	FUN_00a38368	0x49	57		yes		static array	0x022be908	
2962	Decrement Loop Start for Row		Step Sequencer	16	65	0x606d	0x00a38368	FUN_00a38368	0x4a	57		yes		static array	0x022be908	
2963	Increment Loop End for Row		Step Sequencer	16	66	0x606d	0x00a38368	FUN_00a38368	0x4b	57		yes		static array	0x022be908	
2964	Decrement Loop End for Row		Step Sequencer	16	67	0x606d	0x00a38368	FUN_00a38368	0x4c	57		yes		static array	0x022be908	
2967	Show Subrows for Row		Step Sequencer	16	68	0x606d	0x00a38368	FUN_00a38368	0x36	57		yes		static array	0x022be908	
2969	Hide Subrows for Row		Step Sequencer	16	69	0x606d	0x00a38368	FUN_00a38368	0x37	57		yes		static array	0x022be908	
2970	Show Subrows for All Rows		Step Sequencer	16	70	0x606d	0x00a38368	FUN_00a38368	0x38	57		yes		static array	0x022be908	
2971	Hide Subrows for All Rows		Step Sequencer	16	71	0x606d	0x00a38368	FUN_00a38368	0x39	57		yes		static array	0x022be908	
2968	Toggle Selected Step		Step Sequencer	16	72	0x606d	0x00a38368	FUN_00a38368	0x4f	57		yes		static array	0x022be908	
2977	Set Global Edit Mode to Steps On/Off		Step Sequencer	16	73	0x606d	0x00a38368	FUN_00a38368	0xc	57		yes		static array	0x022be908	
2978	Set Global Edit Mode to Velocity/Value		Step Sequencer	16	74	0x606d	0x00a38368	FUN_00a38368	0xd	57		yes		static array	0x022be908	
2979	Set Global Edit Mode to Gate		Step Sequencer	16	75	0x606d	0x00a38368	FUN_00a38368	0xe	57		yes		static array	0x022be908	
2980	Set Global Edit Mode to Tie		Step Sequencer	16	76	0x606d	0x00a38368	FUN_00a38368	0xf	57		yes		static array	0x022be908	
2981	Set Global Edit Mode to Note		Step Sequencer	16	77	0x606d	0x00a38368	FUN_00a38368	0x10	57		yes		static array	0x022be908	
2982	Set Global Edit Mode to Octave		Step Sequencer	16	78	0x606d	0x00a38368	FUN_00a38368	0x11	57		yes		static array	0x022be908	
2983	Set Global Edit Mode to Loop Start/End		Step Sequencer	16	79	0x606d	0x00a38368	FUN_00a38368	0x12	57		yes		static array	0x022be908	
2984	Set Global Edit Mode to Note Repeat		Step Sequencer	16	80	0x606d	0x00a38368	FUN_00a38368	0x13	57		yes		static array	0x022be908	
2985	Set Global Edit Mode to Chance		Step Sequencer	16	81	0x606d	0x00a38368	FUN_00a38368	0x14	57		yes		static array	0x022be908	
2986	Set Global Edit Mode to Start Offset		Step Sequencer	16	82	0x606d	0x00a38368	FUN_00a38368	0x15	57		yes		static array	0x022be908	
2987	Set Global Edit Mode to Step Rate		Step Sequencer	16	83	0x606d	0x00a38368	FUN_00a38368	0x16	57		yes		static array	0x022be908	
2988	Set Global Edit Mode to Skip		Step Sequencer	16	84	0x606d	0x00a38368	FUN_00a38368	0x17	57		yes		static array	0x022be908	
2989	Increment Current Edit Mode Values for Row		Step Sequencer	16	85	0x606d	0x00a38368	FUN_00a38368	0x4d	57		yes		static array	0x022be908	
2990	Decrement Current Edit Mode Values for Row		Step Sequencer	16	86	0x606d	0x00a38368	FUN_00a38368	0x4e	57		yes		static array	0x022be908	
2991	Increment Pattern Step Rate		Step Sequencer	16	87	0x606d	0x00a38368	FUN_00a38368	0x2a	57		yes		static array	0x022be908	
2992	Decrement Pattern Step Rate		Step Sequencer	16	88	0x606d	0x00a38368	FUN_00a38368	0x2b	57		yes		static array	0x022be908	
2993	Increment Row Step Rate		Step Sequencer	16	89	0x606d	0x00a38368	FUN_00a38368	0x47	57		yes		static array	0x022be908	
2994	Decrement Row Step Rate		Step Sequencer	16	90	0x606d	0x00a38368	FUN_00a38368	0x48	57		yes		static array	0x022be908	
400	Select Previous Audio File		Project Audio	17	0	0x1015	0x002749b4	FUN_002749b4	0x190	5		yes		constructor	FUN_002744fc	
401	Select Next Audio File		Project Audio	17	1	0x1015	0x002749b4	FUN_002749b4	0x191	5		yes		constructor	FUN_002744fc	
449	Show Audio File Details		Project Audio	17	2	0x1015	0x002749b4	FUN_002749b4	0x1c1	5		yes		constructor	FUN_002744fc	
418	Hide Audio File Details		Project Audio	17	3	0x1015	0x002749b4	FUN_002749b4	0x1a2	5		yes		constructor	FUN_002744fc	
1831	Rename…		Project Audio	17	4	0x1015	0x002749b4	FUN_002749b4	0x727	5		yes		constructor	FUN_002744fc	
403	Add Audio File…		Project Audio	17	5	0x1015	0x0026b0ec	FUN_0026b0ec	0x0	1		no: suppressed		constructor	FUN_002744fc	
404	Add Region		Project Audio	17	6	0x1015	0x0026b310	FUN_0026b310	0x0	1		yes		constructor	FUN_002744fc	
408	Delete Files		Project Audio	17	7	0x1015	0x0026b62c	FUN_0026b62c	0x0	1		yes		constructor	FUN_002744fc	
409	Optimize Files…		Project Audio	17	8	0x1015	0x0026b774	FUN_0026b774	0x0	1		no: suppressed		constructor	FUN_002744fc	
413	Backup Files		Project Audio	17	9	0x1015	0x0026bf20	FUN_0026bf20	0x0	1		yes		constructor	FUN_002744fc	
414	Copy/Convert Files…		Project Audio	17	10	0x1015	0x0026c49c	FUN_0026c49c	0x0	1		no: suppressed		constructor	FUN_002744fc	
415	Move Files out of Project		Project Audio	17	11	0x1015	0x0025d7b0	FUN_0025d7b0	0x0	1		yes		constructor	FUN_002744fc	
406	Select Used		Project Audio	17	12	0x1015	0x0026e918	FUN_0026e918	0x0	1		yes		constructor	FUN_002744fc	
407	Select Unused		Project Audio	17	13	0x1015	0x0026ea44	FUN_0026ea44	0x0	1		yes		constructor	FUN_002744fc	
410	Show All Regions		Project Audio	17	14	0x1015	0x0026fce0	FUN_0026fce0	0x0	1		yes		constructor	FUN_002744fc	
411	Hide All Regions		Project Audio	17	15	0x1015	0x0026fef0	FUN_0026fef0	0x0	1		yes		constructor	FUN_002744fc	
416	Import Region Information		Project Audio	17	16	0x1015	0x0026c914	FUN_0026c914	0x0	1		yes		constructor	FUN_002744fc	
417	Export Region Information		Project Audio	17	17	0x1015	0x0026cd88	FUN_0026cd88	0x0	1		yes		constructor	FUN_002744fc	
1800	Create Group…		Project Audio	17	18	0x1015	0x002701dc	FUN_002701dc	0x0	1		no: suppressed		constructor	FUN_002744fc	
1801	Delete Selected Audio File Groups		Project Audio	17	19	0x1015	0x00270740	FUN_00270740	0x0	1		yes		constructor	FUN_002744fc	
430	Play/Stop All		Audio File Editor	18	0	0x1056	0x004357b4	FUN_004357b4	0x1	4		yes		constructor	FUN_0045e424	
607	Play/Stop Region		Audio File Editor	18	1	0x1056	0x004357b4	FUN_004357b4	0x2	4		yes		constructor	FUN_0045e424	
608	Play/Stop Region to Anchor		Audio File Editor	18	2	0x1056	0x004357b4	FUN_004357b4	0x3	4		yes		constructor	FUN_0045e424	
609	Play/Stop Region from Anchor		Audio File Editor	18	3	0x1056	0x004357b4	FUN_004357b4	0x4	4		yes		constructor	FUN_0045e424	
440	Create Backup		Audio File Editor	18	4	0x1056	0x004744ac	FUN_004744ac	0x0	1		yes		constructor	FUN_0045e424	
441	Revert to Backup		Audio File Editor	18	5	0x1056	0x00472ab8	FUN_00472ab8	0x0	1		yes		constructor	FUN_0045e424	
442	Save A Copy of Audio File As…		Audio File Editor	18	6	0x1056	0x00474ce0	FUN_00474ce0	0x0	1		yes		constructor	FUN_0045e424	
443	Save Selection As…		Audio File Editor	18	7	0x1056	0x0046f014	FUN_0046f014	0x0	1		yes		constructor	FUN_0045e424	
419	Region -> Selection		Audio File Editor	18	8	0x1056	0x0045125c	FUN_0045125c	0x0	1		yes		constructor	FUN_0045e424	
429	Selection -> Region		Audio File Editor	18	9	0x1056	0x004514b8	FUN_004514b8	0x0	1		yes		constructor	FUN_0045e424	
1811	Sample Loop -> Selection		Audio File Editor	18	10	0x1056	0x00451b64	FUN_00451b64	0x0	1		yes		constructor	FUN_0045e424	
1812	Selection -> Sample Loop		Audio File Editor	18	11	0x1056	0x00451d8c	FUN_00451d8c	0x0	1		yes		constructor	FUN_0045e424	
446	Go to Region Start		Audio File Editor	18	12	0x1056	0x0044f994	FUN_0044f994	0x0	3		yes		constructor	FUN_0045e424	
447	Go to Region End		Audio File Editor	18	13	0x1056	0x0044f994	FUN_0044f994	0x1	3		yes		constructor	FUN_0045e424	
448	Go to Region Anchor		Audio File Editor	18	14	0x1056	0x0044f994	FUN_0044f994	0x2	3		yes		constructor	FUN_0045e424	
1815	Go to Previous Transient		Audio File Editor	18	15	0x1056	0x0044fbf8	FUN_0044fbf8	0x0	2		yes		constructor	FUN_0045e424	
1816	Go to Next Transient		Audio File Editor	18	16	0x1056	0x0044fbf8	FUN_0044fbf8	0x1	2		yes		constructor	FUN_0045e424	
1817	Set Selection Start To Previous Transient		Audio File Editor	18	17	0x1056	0x0046de0c	FUN_0046de0c	0x0	8		yes		constructor	FUN_0045e424	
1818	Set Selection Start To Next Transients		Audio File Editor	18	18	0x1056	0x0046de0c	FUN_0046de0c	0x1	8		yes		constructor	FUN_0045e424	
1819	Set Selection End To Previous Transient		Audio File Editor	18	19	0x1056	0x0046de0c	FUN_0046de0c	0x2	8		yes		constructor	FUN_0045e424	
1820	Set Selection End To Next Transient		Audio File Editor	18	20	0x1056	0x0046de0c	FUN_0046de0c	0x3	8		yes		constructor	FUN_0045e424	
1827	Selection Start and End to Previous Transient		Audio File Editor	18	21	0x1056	0x0046de0c	FUN_0046de0c	0x4	8		yes		constructor	FUN_0045e424	
1828	Selection Start and End to Next Transient		Audio File Editor	18	22	0x1056	0x0046de0c	FUN_0046de0c	0x5	8		yes		constructor	FUN_0045e424	
1829	Selection Start and End to Previous Transient and Play		Audio File Editor	18	23	0x1056	0x0046de0c	FUN_0046de0c	0x6	8		yes		constructor	FUN_0045e424	
1830	Selection Start and End to Next Transient and Play		Audio File Editor	18	24	0x1056	0x0046de0c	FUN_0046de0c	0x7	8		yes		constructor	FUN_0045e424	
1825	Set Region Anchor to Previous Transient		Audio File Editor	18	25	0x1056	0x0046db58	FUN_0046db58	0x0	4		yes		constructor	FUN_0045e424	
1826	Set Region Anchor to Next Transient		Audio File Editor	18	26	0x1056	0x0046db58	FUN_0046db58	0x1	4		yes		constructor	FUN_0045e424	
1846	Set Region Anchor to Playhead		Audio File Editor	18	27	0x1056	0x0046db58	FUN_0046db58	0x2	4		yes		constructor	FUN_0045e424	
1858	Set Region Anchor to Region Start		Audio File Editor	18	28	0x1056	0x0046db58	FUN_0046db58	0x3	4		yes		constructor	FUN_0045e424	
1823	Toggle Transient Editing Mode		Audio File Editor	18	29	0x1056	0x0045c6a0	FUN_0045c6a0	0x0	1		yes		constructor	FUN_0045e424	
1821	Increase Number of Transients		Audio File Editor	18	30	0x1056	0x0046d7e0	FUN_0046d7e0	0x1	2		yes		constructor	FUN_0045e424	
1822	Decrease Number of Transients		Audio File Editor	18	31	0x1056	0x0046d7e0	FUN_0046d7e0	0x0	2		yes		constructor	FUN_0045e424	
1824	Detect Transients of Audio File		Audio File Editor	18	32	0x1056	0x0046d3c8	FUN_0046d3c8	0x0	1		yes		constructor	FUN_0045e424	
1813	Select All Previous Samples		Audio File Editor	18	33	0x1056	0x00450ed4	FUN_00450ed4	0x0	1		yes		constructor	FUN_0045e424	
1814	Select All Following Samples		Audio File Editor	18	34	0x1056	0x00451094	FUN_00451094	0x0	1		yes		constructor	FUN_0045e424	
434	Create New Region		Audio File Editor	18	35	0x1056	0x00451874	FUN_00451874	0x0	1		yes		constructor	FUN_0045e424	
421	Normalize		Audio File Editor	18	36	0x1056	0x004487f8	FUN_004487f8	0x0	1		yes		constructor	FUN_0045e424	
422	Change Gain…		Audio File Editor	18	37	0x1056	0x00448ca8	FUN_00448ca8	0x0	1		yes		constructor	FUN_0045e424	
423	Fade-In		Audio File Editor	18	38	0x1056	0x00448f00	FUN_00448f00	0x0	1		yes		constructor	FUN_0045e424	
424	Fade-Out		Audio File Editor	18	39	0x1056	0x00449148	FUN_00449148	0x0	1		yes		constructor	FUN_0045e424	
425	Silence		Audio File Editor	18	40	0x1056	0x00449390	FUN_00449390	0x0	1		yes		constructor	FUN_0045e424	
426	Invert		Audio File Editor	18	41	0x1056	0x004495b4	FUN_004495b4	0x0	1		yes		constructor	FUN_0045e424	
427	Reverse		Audio File Editor	18	42	0x1056	0x004497d8	FUN_004497d8	0x0	1		yes		constructor	FUN_0045e424	
428	Trim		Audio File Editor	18	43	0x1056	0x004499fc	FUN_004499fc	0x0	1		yes		constructor	FUN_0045e424	
1802	Remove DC Offset		Audio File Editor	18	44	0x1056	0x00449ea8	FUN_00449ea8	0x0	1		yes		constructor	FUN_0045e424	
436	Time and Pitch Machine…		Audio File Editor	18	45	0x1056	0x0044a210	FUN_0044a210	0x0	1		yes		constructor	FUN_0045e424	
444	Search Peak		Audio File Editor	18	46	0x1056	0x0044a598	FUN_0044a598	0x0	1		yes		constructor	FUN_0045e424	
445	Search Silence		Audio File Editor	18	47	0x1056	0x0044a7e8	FUN_0044a7e8	0x0	1		yes		constructor	FUN_0045e424	
450	Samples		Audio File Editor	18	48	0x1056	0x0045d890	FUN_0045d890	0x0	4		yes		constructor	FUN_0045e424	
451	Min:Sec:Ms		Audio File Editor	18	49	0x1056	0x0045d890	FUN_0045d890	0x1	4		yes		constructor	FUN_0045e424	
452	SMPTE Time		Audio File Editor	18	50	0x1056	0x0045d890	FUN_0045d890	0x2	4		yes		constructor	FUN_0045e424	
453	Bars/Beats		Audio File Editor	18	51	0x1056	0x0045d890	FUN_0045d890	0x3	4		yes		constructor	FUN_0045e424	
454	Amplitude Percentage		Audio File Editor	18	52	0x1056	0x0045c15c	FUN_0045c15c	0x0	2		yes		constructor	FUN_0045e424	
455	Amplitude Sample Value		Audio File Editor	18	53	0x1056	0x0045c15c	FUN_0045c15c	0x2	2		yes		constructor	FUN_0045e424	
1810	Lock Position in Track when moving Anchor		Audio File Editor	18	54	0x1056	0x0045237c	FUN_0045237c	0x0	1		yes		constructor	FUN_0045e424	
2651	Tap Tempo - Smart Tempo Editor		Smart Tempo Editor	19	0	0x2c	0x00f2fa44	FUN_00f2fa44	0x0	2		yes		static array	0x022ef6c8	
2652	Tap Tempo (Downbeat)		Smart Tempo Editor	19	1	0x2c	0x00f2fa44	FUN_00f2fa44	0x1	2		yes		static array	0x022ef6c8	
2653	Toggle Metronome Click - Smart Tempo Editor		Smart Tempo Editor	19	2	0x2c	0x00f2fbb4	FUN_00f2fbb4	0x0	1		yes		static array	0x022ef6c8	
2655	Scroll Left		Smart Tempo Editor	19	3	0x2c	0x00f2fcec	FUN_00f2fcec	0x0	1		yes		static array	0x022ef6c8	
2656	Scroll Right		Smart Tempo Editor	19	4	0x2c	0x00f2fe14	FUN_00f2fe14	0x0	1		yes		static array	0x022ef6c8	
2657	Select from Start to Playhead		Smart Tempo Editor	19	5	0x2c	0x00f2ff50	FUN_00f2ff50	0x0	1		yes		static array	0x022ef6c8	
2658	Select from Playhead to End		Smart Tempo Editor	19	6	0x2c	0x00f3008c	FUN_00f3008c	0x0	1		yes		static array	0x022ef6c8	
2659	Zoom All		Smart Tempo Editor	19	7	0x2c	0x00f301c8	FUN_00f301c8	0x0	1		yes		static array	0x022ef6c8	
2660	Center around Playhead		Smart Tempo Editor	19	8	0x2c	0x00f30304	FUN_00f30304	0x0	1		yes		static array	0x022ef6c8	
2665	Half Tempo		Smart Tempo Editor	19	9	0x2c	0x00f3043c	FUN_00f3043c	0x0	1		yes		static array	0x022ef6c8	
2666	Double Tempo		Smart Tempo Editor	19	10	0x2c	0x00f30574	FUN_00f30574	0x0	1		yes		static array	0x022ef6c8	
2667	Set Average Tempo for Selection		Smart Tempo Editor	19	11	0x2c	0x00f306ac	FUN_00f306ac	0x0	1		yes		static array	0x022ef6c8	
2692	Set Average Tempo within each Bar		Smart Tempo Editor	19	12	0x2c	0x00f307e8	FUN_00f307e8	0x0	1		yes		static array	0x022ef6c8	
2668	Extend First Tempo in Selection to Beginning		Smart Tempo Editor	19	13	0x2c	0x00f30924	FUN_00f30924	0x0	1		yes		static array	0x022ef6c8	
2669	Extend Last Tempo in Selection to End		Smart Tempo Editor	19	14	0x2c	0x00f30a60	FUN_00f30a60	0x0	1		yes		static array	0x022ef6c8	
2670	Set Downbeat to Playhead Position		Smart Tempo Editor	19	15	0x2c	0x00f30b9c	FUN_00f30b9c	0x0	1		yes		static array	0x022ef6c8	
2671	Trim Region To Selection		Smart Tempo Editor	19	16	0x2c	0x00f30cd8	FUN_00f30cd8	0x0	1		yes		static array	0x022ef6c8	
2672	Forward by Bar		Smart Tempo Editor	19	17	0x2c	0x00f30e14	FUN_00f30e14	0x0	1		yes		static array	0x022ef6c8	
2673	Rewind by Bar		Smart Tempo Editor	19	18	0x2c	0x00f30f54	FUN_00f30f54	0x0	1		yes		static array	0x022ef6c8	
2674	Forward by Beat		Smart Tempo Editor	19	19	0x2c	0x00f31094	FUN_00f31094	0x0	1		yes		static array	0x022ef6c8	
2675	Rewind by Beat		Smart Tempo Editor	19	20	0x2c	0x00f311d4	FUN_00f311d4	0x0	1		yes		static array	0x022ef6c8	
2676	Forward 8 Bars		Smart Tempo Editor	19	21	0x2c	0x00f31314	FUN_00f31314	0x0	1		yes		static array	0x022ef6c8	
2677	Rewind 8 Bars		Smart Tempo Editor	19	22	0x2c	0x00f31454	FUN_00f31454	0x0	1		yes		static array	0x022ef6c8	
2678	Snap To Transients		Smart Tempo Editor	19	23	0x2c	0x00f31594	FUN_00f31594	0x0	1		yes		static array	0x022ef6c8	
2679	Maintain Time Positions of All Regions		Smart Tempo Editor	19	24	0x2c	0x00f316d0	FUN_00f316d0	0x0	1		yes		static array	0x022ef6c8	
2684	Apply Region Tempo to Project Tempo		Smart Tempo Editor	19	25	0x2c	0x00f3180c	FUN_00f3180c	0x0	1		yes		static array	0x022ef6c8	
2685	Apply Project Tempo to Region and Downbeat		Smart Tempo Editor	19	26	0x2c	0x00f31994	FUN_00f31994	0x0	1		yes		static array	0x022ef6c8	
2686	Analyze Tempo		Smart Tempo Editor	19	27	0x2c	0x00f31b1c	FUN_00f31b1c	0x0	1		yes		static array	0x022ef6c8	
2687	Clear Hints		Smart Tempo Editor	19	28	0x2c	0x00f31c84	FUN_00f31c84	0x0	1		yes		static array	0x022ef6c8	
2693	Remove Tempo Information		Smart Tempo Editor	19	29	0x2c	0x00f31dc0	FUN_00f31dc0	0x0	1		yes		static array	0x022ef6c8	
2689	Revert to Original Recording Tempo		Smart Tempo Editor	19	30	0x2c	0x00f31efc	FUN_00f31efc	0x0	1		yes		static array	0x022ef6c8	
2690	Revert Changes		Smart Tempo Editor	19	31	0x2c	0x00f32038	FUN_00f32038	0x0	1		yes		static array	0x022ef6c8	
3400	Search Sounds		Library	20	0	0x31	0x00a03b8c	FUN_00a03b8c	0x0	4		yes		constructor	FUN_00a03d98	
3401	Save…		Library	20	1	0x31	0x00a03b8c	FUN_00a03b8c	0x1	4		yes		constructor	FUN_00a03d98	
3402	Revert		Library	20	2	0x31	0x00a03b8c	FUN_00a03b8c	0x2	4		yes		constructor	FUN_00a03d98	
3403	Enable Patch Merging		Library	20	3	0x31	0x00a03b8c	FUN_00a03b8c	0x3	4		yes		constructor	FUN_00a03d98	
644	Load or Replace Audio File…		Sampler	21	0	0x1b	0x00c2dce8	FUN_00c2dce8	0x284	36		no: suppressed		static array	0x022e2be0	
632	New Zone		Sampler	21	1	0x1b	0x00c2dce8	FUN_00c2dce8	0x278	36		yes		static array	0x022e2be0	
633	New Group		Sampler	21	2	0x1b	0x00c2dce8	FUN_00c2dce8	0x279	36		yes		static array	0x022e2be0	
1803	Toggle Keyboard/Group/Zone View		Sampler	21	3	0x1b	0x00c2dce8	FUN_00c2dce8	0x70b	36		yes		static array	0x022e2be0	
1849	Switch to Keyboard View		Sampler	21	4	0x1b	0x00c2dce8	FUN_00c2dce8	0x739	36		yes		static array	0x022e2be0	
1850	Switch to Group View		Sampler	21	5	0x1b	0x00c2dce8	FUN_00c2dce8	0x73a	36		yes		static array	0x022e2be0	
1851	Switch to Zone View		Sampler	21	6	0x1b	0x00c2dce8	FUN_00c2dce8	0x73b	36		yes		static array	0x022e2be0	
1808	Show all List Columns		Sampler	21	7	0x1b	0x00c2dce8	FUN_00c2dce8	0x710	36		yes		static array	0x022e2be0	
1809	Restore Default List Columns		Sampler	21	8	0x1b	0x00c2dce8	FUN_00c2dce8	0x711	36		yes		static array	0x022e2be0	
640	Shift selected Zones/Groups Left		Sampler	21	9	0x1b	0x00c2dce8	FUN_00c2dce8	0x280	36		yes		static array	0x022e2be0	
641	Shift selected Zones/Groups Right		Sampler	21	10	0x1b	0x00c2dce8	FUN_00c2dce8	0x281	36		yes		static array	0x022e2be0	
642	Shift selected Zones/Groups Left (Zones incl. Root Key)		Sampler	21	11	0x1b	0x00c2dce8	FUN_00c2dce8	0x282	36		yes		static array	0x022e2be0	
643	Shift selected Zones/Groups Right (Zones incl. Root Key)		Sampler	21	12	0x1b	0x00c2dce8	FUN_00c2dce8	0x283	36		yes		static array	0x022e2be0	
1806	Load Multiple Audio Files…		Sampler	21	13	0x1b	0x00c2dce8	FUN_00c2dce8	0x70e	36		no: suppressed		static array	0x022e2be0	
1807	Open in Audio File Editor		Sampler	21	14	0x1b	0x00c2dce8	FUN_00c2dce8	0x70f	36		yes		static array	0x022e2be0	
629	Select Zone of Last Played Key		Sampler	21	15	0x1b	0x00c2dce8	FUN_00c2dce8	0x275	36		yes		static array	0x022e2be0	
1832	New Mapping		Sampler	21	16	0x1b	0x00c2dce8	FUN_00c2dce8	0x728	36		yes		static array	0x022e2be0	
1833	Duplicate Group		Sampler	21	17	0x1b	0x00c2dce8	FUN_00c2dce8	0x729	36		yes		static array	0x022e2be0	
1834	Crop Sample		Sampler	21	18	0x1b	0x00c2dce8	FUN_00c2dce8	0x72a	36		yes		static array	0x022e2be0	
1835	Crop Loop		Sampler	21	19	0x1b	0x00c2dce8	FUN_00c2dce8	0x72b	36		yes		static array	0x022e2be0	
1836	Toggle Snap mode		Sampler	21	20	0x1b	0x00c2dce8	FUN_00c2dce8	0x72c	36		yes		static array	0x022e2be0	
1837	Vertical Autozoom		Sampler	21	21	0x1b	0x00c2dce8	FUN_00c2dce8	0x72d	36		yes		static array	0x022e2be0	
1838	Horizontal Autozoom		Sampler	21	22	0x1b	0x00c2dce8	FUN_00c2dce8	0x72e	36		yes		static array	0x022e2be0	
1839	Automap using Current Root Note		Sampler	21	23	0x1b	0x00c2dce8	FUN_00c2dce8	0x72f	36		yes		static array	0x022e2be0	
1840	Automap using Root Note from Audio File Names		Sampler	21	24	0x1b	0x00c2dce8	FUN_00c2dce8	0x730	36		yes		static array	0x022e2be0	
1841	Remap All Notes		Sampler	21	25	0x1b	0x00c2dce8	FUN_00c2dce8	0x731	36		yes		static array	0x022e2be0	
1859	Remap Evenly		Sampler	21	26	0x1b	0x00c2dce8	FUN_00c2dce8	0x743	36		yes		static array	0x022e2be0	
1866	Remap To Round Robin		Sampler	21	27	0x1b	0x00c2dce8	FUN_00c2dce8	0x74a	36		yes		static array	0x022e2be0	
1852	Remap Notes…		Sampler	21	28	0x1b	0x00c2dce8	FUN_00c2dce8	0x73c	36		yes		static array	0x022e2be0	
1842	Remap To Root Notes		Sampler	21	29	0x1b	0x00c2dce8	FUN_00c2dce8	0x732	36		yes		static array	0x022e2be0	
1843	Fill Gaps		Sampler	21	30	0x1b	0x00c2dce8	FUN_00c2dce8	0x733	36		yes		static array	0x022e2be0	
1853	Fill Gaps (Notes Only)		Sampler	21	31	0x1b	0x00c2dce8	FUN_00c2dce8	0x73d	36		yes		static array	0x022e2be0	
1854	Fill Gaps (Vel Only)		Sampler	21	32	0x1b	0x00c2dce8	FUN_00c2dce8	0x73e	36		yes		static array	0x022e2be0	
1855	Swap Zones		Sampler	21	33	0x1b	0x00c2dce8	FUN_00c2dce8	0x73f	36		yes		static array	0x022e2be0	
1844	Always Move Root Key with Zone		Sampler	21	34	0x1b	0x00c2dce8	FUN_00c2dce8	0x734	36		yes		static array	0x022e2be0	
1845	Preview Selected Zone		Sampler	21	35	0x1b	0x00c2dce8	FUN_00c2dce8	0x735	36		yes		static array	0x022e2be0	
2082	Select Next Pad		Drum Machine Designer	22	0	0x30	0x00ac19cc	FUN_00ac19cc	0x822	16		yes		constructor	FUN_00ac1c88	
2083	Select Previous Pad		Drum Machine Designer	22	1	0x30	0x00ac19cc	FUN_00ac19cc	0x823	16		yes		constructor	FUN_00ac1c88	
2084	Preview Pad		Drum Machine Designer	22	2	0x30	0x00ac19cc	FUN_00ac19cc	0x824	16		yes		constructor	FUN_00ac1c88	
2085	Mute Pad		Drum Machine Designer	22	3	0x30	0x00ac19cc	FUN_00ac19cc	0x825	16		yes		constructor	FUN_00ac1c88	
2086	Solo Pad		Drum Machine Designer	22	4	0x30	0x00ac19cc	FUN_00ac19cc	0x826	16		yes		constructor	FUN_00ac1c88	
2087	Resample Pad		Drum Machine Designer	22	5	0x30	0x00ac19cc	FUN_00ac19cc	0x827	16		yes		constructor	FUN_00ac1c88	
2088	Assign To Exclusive Group: Off		Drum Machine Designer	22	6	0x30	0x00ac19cc	FUN_00ac19cc	0x828	16		yes		constructor	FUN_00ac1c88	
2089	Assign To Exclusive Group: 1		Drum Machine Designer	22	7	0x30	0x00ac19cc	FUN_00ac19cc	0x829	16		yes		constructor	FUN_00ac1c88	
2090	Assign To Exclusive Group: 2		Drum Machine Designer	22	8	0x30	0x00ac19cc	FUN_00ac19cc	0x82a	16		yes		constructor	FUN_00ac1c88	
2091	Assign To Exclusive Group: 3		Drum Machine Designer	22	9	0x30	0x00ac19cc	FUN_00ac19cc	0x82b	16		yes		constructor	FUN_00ac1c88	
2092	Assign To Exclusive Group: 4		Drum Machine Designer	22	10	0x30	0x00ac19cc	FUN_00ac19cc	0x82c	16		yes		constructor	FUN_00ac1c88	
2093	Assign To Exclusive Group: 5		Drum Machine Designer	22	11	0x30	0x00ac19cc	FUN_00ac19cc	0x82d	16		yes		constructor	FUN_00ac1c88	
2094	Assign To Exclusive Group: 6		Drum Machine Designer	22	12	0x30	0x00ac19cc	FUN_00ac19cc	0x82e	16		yes		constructor	FUN_00ac1c88	
2095	Assign To Exclusive Group: 7		Drum Machine Designer	22	13	0x30	0x00ac19cc	FUN_00ac19cc	0x82f	16		yes		constructor	FUN_00ac1c88	
2096	Assign To Exclusive Group: 8		Drum Machine Designer	22	14	0x30	0x00ac19cc	FUN_00ac19cc	0x830	16		yes		constructor	FUN_00ac1c88	
2097	Clear Pad		Drum Machine Designer	22	15	0x30	0x00ac19cc	FUN_00ac19cc	0x831	16		yes		constructor	FUN_00ac1c88	
900	Note “C”		Step Input Keyboard	23	0	0x24	0x0079ddfc	FUN_0079ddfc	0x0	13		yes		static array	0x022b3938	
901	Note “C#”		Step Input Keyboard	23	1	0x24	0x0079ddfc	FUN_0079ddfc	0x1	13		yes		static array	0x022b3938	
902	Note “D”		Step Input Keyboard	23	2	0x24	0x0079ddfc	FUN_0079ddfc	0x2	13		yes		static array	0x022b3938	
903	Note “D#”		Step Input Keyboard	23	3	0x24	0x0079ddfc	FUN_0079ddfc	0x3	13		yes		static array	0x022b3938	
904	Note “E”		Step Input Keyboard	23	4	0x24	0x0079ddfc	FUN_0079ddfc	0x4	13		yes		static array	0x022b3938	
905	Note “F”		Step Input Keyboard	23	5	0x24	0x0079ddfc	FUN_0079ddfc	0x5	13		yes		static array	0x022b3938	
906	Note “F#”		Step Input Keyboard	23	6	0x24	0x0079ddfc	FUN_0079ddfc	0x6	13		yes		static array	0x022b3938	
907	Note “G”		Step Input Keyboard	23	7	0x24	0x0079ddfc	FUN_0079ddfc	0x7	13		yes		static array	0x022b3938	
908	Note “G#”		Step Input Keyboard	23	8	0x24	0x0079ddfc	FUN_0079ddfc	0x8	13		yes		static array	0x022b3938	
909	Note “A”		Step Input Keyboard	23	9	0x24	0x0079ddfc	FUN_0079ddfc	0x9	13		yes		static array	0x022b3938	
910	Note “A#”		Step Input Keyboard	23	10	0x24	0x0079ddfc	FUN_0079ddfc	0xa	13		yes		static array	0x022b3938	
911	Note “B”		Step Input Keyboard	23	11	0x24	0x0079ddfc	FUN_0079ddfc	0xb	13		yes		static array	0x022b3938	
912	Rest		Step Input Keyboard	23	12	0x24	0x0079ddfc	FUN_0079ddfc	0xc	13		yes		static array	0x022b3938	
946	Next note will be sharp		Step Input Keyboard	23	13	0x24	0x0079f1dc	FUN_0079f1dc	0x0	1		yes		static array	0x022b3938	
945	Next note will be flat		Step Input Keyboard	23	14	0x24	0x0079f3b4	FUN_0079f3b4	0x0	1		yes		static array	0x022b3938	
948	Chord Mode		Step Input Keyboard	23	15	0x24	0x0079f898	FUN_0079f898	0x0	1		yes		static array	0x022b3938	
941	Delete - Step Input		Step Input Keyboard	23	16	0x24	0x0079dfbc	FUN_0079dfbc	0x0	3		yes		static array	0x022b3938	
942	Step Backwards		Step Input Keyboard	23	17	0x24	0x0079dfbc	FUN_0079dfbc	0x1	3		yes		static array	0x022b3938	
940	Step Forward		Step Input Keyboard	23	18	0x24	0x0079dfbc	FUN_0079dfbc	0x2	3		yes		static array	0x022b3938	
913	Octave 0		Step Input Keyboard	23	19	0x24	0x0079ec3c	FUN_0079ec3c	0x0	7		yes		static array	0x022b3938	
914	Octave 1		Step Input Keyboard	23	20	0x24	0x0079ec3c	FUN_0079ec3c	0x1	7		yes		static array	0x022b3938	
915	Octave 2		Step Input Keyboard	23	21	0x24	0x0079ec3c	FUN_0079ec3c	0x2	7		yes		static array	0x022b3938	
916	Octave 3		Step Input Keyboard	23	22	0x24	0x0079ec3c	FUN_0079ec3c	0x3	7		yes		static array	0x022b3938	
917	Octave 4		Step Input Keyboard	23	23	0x24	0x0079ec3c	FUN_0079ec3c	0x4	7		yes		static array	0x022b3938	
918	Octave 5		Step Input Keyboard	23	24	0x24	0x0079ec3c	FUN_0079ec3c	0x5	7		yes		static array	0x022b3938	
919	Octave 6		Step Input Keyboard	23	25	0x24	0x0079ec3c	FUN_0079ec3c	0x6	7		yes		static array	0x022b3938	
960	Octave - 2		Step Input Keyboard	23	26	0x24	0x0079ecf8	FUN_0079ecf8	0xffffffffffffffe8	4		yes		static array	0x022b3938	
961	Octave - 1		Step Input Keyboard	23	27	0x24	0x0079ecf8	FUN_0079ecf8	0xfffffffffffffff4	4		yes		static array	0x022b3938	
962	Octave + 1		Step Input Keyboard	23	28	0x24	0x0079ecf8	FUN_0079ecf8	0xc	4		yes		static array	0x022b3938	
963	Octave + 2		Step Input Keyboard	23	29	0x24	0x0079ecf8	FUN_0079ecf8	0x18	4		yes		static array	0x022b3938	
920	1/1 Note		Step Input Keyboard	23	30	0x24	0x0079ee20	FUN_0079ee20	0x0	8		yes		static array	0x022b3938	
921	1/2 Note		Step Input Keyboard	23	31	0x24	0x0079ee20	FUN_0079ee20	0x1	8		yes		static array	0x022b3938	
922	1/4 Note		Step Input Keyboard	23	32	0x24	0x0079ee20	FUN_0079ee20	0x3	8		yes		static array	0x022b3938	
923	1/8 Note		Step Input Keyboard	23	33	0x24	0x0079ee20	FUN_0079ee20	0x5	8		yes		static array	0x022b3938	
924	1/16 Note		Step Input Keyboard	23	34	0x24	0x0079ee20	FUN_0079ee20	0x7	8		yes		static array	0x022b3938	
925	1/32 Note		Step Input Keyboard	23	35	0x24	0x0079ee20	FUN_0079ee20	0x9	8		yes		static array	0x022b3938	
926	1/64 Note		Step Input Keyboard	23	36	0x24	0x0079ee20	FUN_0079ee20	0xb	8		yes		static array	0x022b3938	
927	1/128 Note		Step Input Keyboard	23	37	0x24	0x0079ee20	FUN_0079ee20	0xd	8		yes		static array	0x022b3938	
944	Triplets On/Off		Step Input Keyboard	23	38	0x24	0x0079f58c	FUN_0079f58c	0x0	2		yes		static array	0x022b3938	
943	Dotted note values On/Off		Step Input Keyboard	23	39	0x24	0x0079f58c	FUN_0079f58c	0x1	2		yes		static array	0x022b3938	
930	Velocity 16 (ppp)		Step Input Keyboard	23	40	0x24	0x0079f7e8	FUN_0079f7e8	0x0	8		yes		static array	0x022b3938	
931	Velocity 32 (pp)		Step Input Keyboard	23	41	0x24	0x0079f7e8	FUN_0079f7e8	0x1	8		yes		static array	0x022b3938	
932	Velocity 48 (p)		Step Input Keyboard	23	42	0x24	0x0079f7e8	FUN_0079f7e8	0x2	8		yes		static array	0x022b3938	
933	Velocity 64 (mp)		Step Input Keyboard	23	43	0x24	0x0079f7e8	FUN_0079f7e8	0x3	8		yes		static array	0x022b3938	
934	Velocity 80 (mf)		Step Input Keyboard	23	44	0x24	0x0079f7e8	FUN_0079f7e8	0x4	8		yes		static array	0x022b3938	
935	Velocity 96 (f)		Step Input Keyboard	23	45	0x24	0x0079f7e8	FUN_0079f7e8	0x5	8		yes		static array	0x022b3938	
936	Velocity 112 (ff)		Step Input Keyboard	23	46	0x24	0x0079f7e8	FUN_0079f7e8	0x6	8		yes		static array	0x022b3938	
937	Velocity 127 (fff)		Step Input Keyboard	23	47	0x24	0x0079f7e8	FUN_0079f7e8	0x7	8		yes		static array	0x022b3938	
965	Quantize note starts On/Off		Step Input Keyboard	23	48	0x24	0x0079fc1c	FUN_0079fc1c	0x0	1		yes		static array	0x022b3938	
3501	Toggle Track Master View		Smart Controls	24	0	0x32	0x0158f4a8	FUN_0158f4a8	0xdad	6		yes		constructor	FUN_0158f860	
3502	Cycle Through Routing Destination Views		Smart Controls	24	1	0x32	0x0158f4a8	FUN_0158f4a8	0xdae	6		yes		constructor	FUN_0158f860	
3503	Cycle Through Subviews		Smart Controls	24	2	0x32	0x0158f4a8	FUN_0158f4a8	0xdaf	6		yes		constructor	FUN_0158f860	
2271	Add Mapping		Smart Controls	24	3	0x32	0x0158f4a8	FUN_0158f4a8	0x8df	6		yes		constructor	FUN_0158f860	
3504	Learn Parameter Mapping		Smart Controls	24	4	0x32	0x0158f4a8	FUN_0158f4a8	0xdb0	6		yes		constructor	FUN_0158f860	
3505	Learn External Assignment		Smart Controls	24	5	0x32	0x0158f4a8	FUN_0158f4a8	0xdb1	6		yes		constructor	FUN_0158f860	
2324	Pencil Tool		Tool Menu	25	0	0x6e6f6e65	0x00f2c010	FUN_00f2c010	0xe	29	857	no: group skipped		static array	0x022ef240	
2320	Eraser Tool		Tool Menu	25	1	0x6e6f6e65	0x00f2c010	FUN_00f2c010	0x3	29	853	no: group skipped		static array	0x022ef240	
2318	Scissors Tool		Tool Menu	25	2	0x6e6f6e65	0x00f2c010	FUN_00f2c010	0x1	29	851	no: group skipped		static array	0x022ef240	
2319	Join Tool		Tool Menu	25	3	0x6e6f6e65	0x00f2c010	FUN_00f2c010	0x2	29	852	no: group skipped		static array	0x022ef240	
2327	Finger Tool		Tool Menu	25	4	0x6e6f6e65	0x00f2c010	FUN_00f2c010	0x13	29	860	no: group skipped		static array	0x022ef240	
2322	Text Tool		Tool Menu	25	5	0x6e6f6e65	0x00f2c010	FUN_00f2c010	0x8	29	855	no: group skipped		static array	0x022ef240	
2329	Zoom Tool		Tool Menu	25	6	0x6e6f6e65	0x00f2c010	FUN_00f2c010	0x1d	29	862	no: group skipped		static array	0x022ef240	
2323	Solo Tool		Tool Menu	25	7	0x6e6f6e65	0x00f2c010	FUN_00f2c010	0xc	29	856	no: group skipped		static array	0x022ef240	
2326	Mute Tool		Tool Menu	25	8	0x6e6f6e65	0x00f2c010	FUN_00f2c010	0x11	29	859	no: group skipped		static array	0x022ef240	
2334	Quantize Tool		Tool Menu	25	9	0x6e6f6e65	0x00f2c010	FUN_00f2c010	0x2a	29	867	no: group skipped		static array	0x022ef240	
2333	Velocity Tool		Tool Menu	25	10	0x6e6f6e65	0x00f2c010	FUN_00f2c010	0x29	29	866	no: group skipped		static array	0x022ef240	
2336	Automation Select Tool		Tool Menu	25	11	0x6e6f6e65	0x00f2c010	FUN_00f2c010	0x2f	29	872	no: group skipped		static array	0x022ef240	
2337	Automation Curve Tool		Tool Menu	25	12	0x6e6f6e65	0x00f2c010	FUN_00f2c010	0x34	29	873	no: group skipped		static array	0x022ef240	
2335	Fade Tool		Tool Menu	25	13	0x6e6f6e65	0x00f2c010	FUN_00f2c010	0x2b	29	868	no: group skipped		static array	0x022ef240	
2338	Marquee Tool		Tool Menu	25	14	0x6e6f6e65	0x00f2c010	FUN_00f2c010	0x31	29	871	no: group skipped		static array	0x022ef240	
2339	Flex Tool		Tool Menu	25	15	0x6e6f6e65	0x00f2c010	FUN_00f2c010	0x35	29	875	no: group skipped		static array	0x022ef240	
2569	Flex Pitch Vibrato Tool		Tool Menu	25	16	0x6e6f6e65	0x00f2c010	FUN_00f2c010	0x36	29	877	no: group skipped		static array	0x022ef240	
2570	Flex Pitch Velocity Tool		Tool Menu	25	17	0x6e6f6e65	0x00f2c010	FUN_00f2c010	0x37	29	878	no: group skipped		static array	0x022ef240	
2340	Brush Tool		Tool Menu	25	18	0x6e6f6e65	0x00f2c010	FUN_00f2c010	0x38	29	876	no: group skipped		static array	0x022ef240	
2328	Layout Tool		Tool Menu	25	19	0x6e6f6e65	0x00f2c010	FUN_00f2c010	0x1a	29	861	no: group skipped		static array	0x022ef240	
2331	Voice Separation Tool		Tool Menu	25	20	0x6e6f6e65	0x00f2c010	FUN_00f2c010	0x1f	29	864	no: group skipped		static array	0x022ef240	
2330	Resize Tool		Tool Menu	25	21	0x6e6f6e65	0x00f2c010	FUN_00f2c010	0x1e	29	863	no: group skipped		static array	0x022ef240	
2332	Camera Tool		Tool Menu	25	22	0x6e6f6e65	0x00f2c010	FUN_00f2c010	0x20	29	865	no: group skipped		static array	0x022ef240	
2325	Crosshair Tool		Tool Menu	25	23	0x6e6f6e65	0x00f2c010	FUN_00f2c010	0xf	29	858	no: group skipped		static array	0x022ef240	
2321	MIDI Thru Tool		Tool Menu	25	24	0x6e6f6e65	0x00f2c010	FUN_00f2c010	0x4	29	854	no: group skipped		static array	0x022ef240	
2571	Move Tool		Tool Menu	25	25	0x6e6f6e65	0x00f2c010	FUN_00f2c010	0x12	29	2572	no: group skipped		static array	0x022ef240	
2683	Gain Tool		Tool Menu	25	26	0x6e6f6e65	0x00f2c010	FUN_00f2c010	0x3a	29	966	no: group skipped		static array	0x022ef240	
3034	Slip Tool		Tool Menu	25	27	0x6e6f6e65	0x00f2c010	FUN_00f2c010	0x3b	29	967	no: group skipped		static array	0x022ef240	
3035	Rotate Tool		Tool Menu	25	28	0x6e6f6e65	0x00f2c010	FUN_00f2c010	0x3c	29	1000	no: group skipped		static array	0x022ef240	
3200	Scan for Selected Models		Control Surface Install Window	26	0	0x10d	0x00a72b90	FUN_00a72b90	0x0	1		no: suppressed		static array	0x022c0590	
3202	Add Selected Models		Control Surface Install Window	26	1	0x10d	0x00a72c24	FUN_00a72c24	0x0	1		no: suppressed		static array	0x022c0590	
3850	MIDI In		MIDI Monitor Window	27	0	0x110	0x00a8761c	FUN_00a8761c	0x0	4		yes		static array	0x022c14c0	
3851	MIDI Out		MIDI Monitor Window	27	1	0x110	0x00a8761c	FUN_00a8761c	0x10	4		yes		static array	0x022c14c0	
3852	Time Stamps		MIDI Monitor Window	27	2	0x110	0x00a8761c	FUN_00a8761c	0x4	4		yes		static array	0x022c14c0	
3853	… of status bytes only		MIDI Monitor Window	27	3	0x110	0x00a8761c	FUN_00a8761c	0x20	4		yes		static array	0x022c14c0	
3854	Note Off		MIDI Monitor Window	27	4	0x110	0x00a877e8	FUN_00a877e8	0x0	8		yes		static array	0x022c14c0	
3855	Note On		MIDI Monitor Window	27	5	0x110	0x00a877e8	FUN_00a877e8	0x1	8		yes		static array	0x022c14c0	
3856	Poly Aftertouch		MIDI Monitor Window	27	6	0x110	0x00a877e8	FUN_00a877e8	0x2	8		yes		static array	0x022c14c0	
3857	Control Change		MIDI Monitor Window	27	7	0x110	0x00a877e8	FUN_00a877e8	0x3	8		yes		static array	0x022c14c0	
3858	Program Change		MIDI Monitor Window	27	8	0x110	0x00a877e8	FUN_00a877e8	0x4	8		yes		static array	0x022c14c0	
3859	Aftertouch		MIDI Monitor Window	27	9	0x110	0x00a877e8	FUN_00a877e8	0x5	8		yes		static array	0x022c14c0	
3860	Pitch Bend		MIDI Monitor Window	27	10	0x110	0x00a877e8	FUN_00a877e8	0x6	8		yes		static array	0x022c14c0	
3861	System Messages		MIDI Monitor Window	27	11	0x110	0x00a877e8	FUN_00a877e8	0x7	8		yes		static array	0x022c14c0	
